;Unnamed: 0;Identificador;NombreSecuencia;LongitudSecuencia;TipoSecuencia;Organismo;Reino;TipoAN;Gen;CodificanteOEstructural;Localizacion;NumeroExones;Funcion;PENG-alpha;PENG-R2;Correlacion_Nueva;Correlacion_Nueva_R2;Diferencias
0;0;K01383.1;Human metallothionein-I-A gene, complete coding sequence;2941;Con;Homo sapiens;Animal;DNAlinear;Gen;Codificante;Nucleo;3;Metabolismo de metales ;0.6015149123021241;0.991399288490034;0.8027285029706225;0.9949849891329868;0.20121359066849842
1;1;NT_033779.5:16766566-16788766;Drosophila melanogaster chromosome 2L;22201;Con;Drosophila melanogaster;Animal;DNAlinear;GenesRelacionados;Codificante;Nucleo;-;-;0.665465391342009;0.994451454814092;0.7621190727005216;0.9969706386526592;0.0966536813585126
2;2;NC_001405.1;Human adenovirus C, complete genome;35937;Con;Human mastadenovirus C;Virus;DNAlinear;GenomaCompleto;Codificante;Capsida;-;-;0.7284246944465259;0.990539281504762;0.8147617212959254;0.9956440649600786;0.08633702684939948
3;3;J01050.1;Caenorhabditis elegans myosin heavy chain (unc54) gene, complete cds;9000;Con;Caenorhabditis elegans;Animal;DNAlinear;Gen;Codificante;Nucleo;8;Estructural y motora;0.655317315717048;0.9888862452284872;0.7123877978704046;0.9944782466603264;0.05707048215335664
4;4;NM_059652.6;Caenorhabditis elegans Myosin-1 (myo-1), mRNA;6548;Con;Caenorhabditis elegans;Animal;RNAlinear;Mensajero;Codificante;Citoplasma;-;Estructural y motora;0.606210145832895;0.9934823025176108;0.5531226310222047;0.9945438927242796;-0.053087514810690295
5;5;NC_003284.9:12468061-12475348;Caenorhabditis elegans chromosome X;7288;Con;Caenorhabditis elegans;Animal;DNAlinear;Gen;Codificante;Nucleo;-;Estructural y motora;0.632881514857621;0.9955551339625419;0.6434394945292192;0.9949778206083026;0.010557979671598217
6;6;J02714.1;Chicken embryonic myosin heavy chain gene, complete cds;31111;Con;Gallus gallus;Animal;DNAlinear;Gen;Codificante;Nucleo;40;Estructural y motora;0.663308362410164;0.989897593783697;0.7189536865049879;0.9954409930024498;0.05564532409482392
7;7;M57436.1;Goat beta globin locus activation region 5' to the eta globin I gene;10194;Con;Capra hircus;Animal;DNAlinear;Gen;Codificante;Citoplasma;-;Transporte en plasma sanguineo;0.5306012889047679;0.9898825639789428;0.6708286429501811;0.9948753041671422;0.1402273540454132
8;8;M57965.2;Homo sapiens beta-myosin heavy chain (MYH7) gene, complete cds;28452;Con;Homo sapiens;Animal;DNAlinear;Gen;Codificante;Nucleo;40;Estructural y motora;0.5911440894403179;0.9908884296903072;0.6760946949428831;0.9973138466491324;0.08495060550256517
9;9;U01317.1;Human beta globin region on chromosome 11;73308;Con;Homo sapiens;Animal;DNAlinear;GenesRelacionados;Codificante;Nucleo;-;Transporte en plasma sanguineo;0.707749647556019;0.9912858702684699;0.6714946960183964;0.9942575095647956;-0.03625495153762259
10;10;X04267.1;Rat embryonic skeletal muscle myosin heavy chain (MHC) gene;25759;Con;Rattus norvegicus;Animal;DNAlinear;Gen;Codificante;Nucleo;41;Estructural y motora;0.5771137570804671;0.990328629803755;0.5877980801639223;0.9949947047941362;0.010684323083455238
11;11;M26510.1;Chicken nonmuscle myosin heavy chain (MHC) gene, complete cds;7003;Sin;Gallus gallus;Animal;RNAlinear;Mensajero;Codificante;Citoplasma;43;Estructural y motora;0.759659684631359;0.9915919969773119;0.6094241887636157;0.9950152870466592;-0.15023549586774332
12;12;M14628.1;D.discoideum myosin heavy chain gene, complete cds;6681;Sin;Dictyostelium discoideum;Animal;DNAlinear;Gen;Codificante;Nucleo;-;Estructural y motora;0.702625618855139;0.9899151369813493;0.6575016533595837;0.993497328041802;-0.04512396549555531
13;13;M35012.1;D.melanogaster non-muscle myosin heavy chain mRNA;6338;Sin;Drosophila melanogaster;Animal;RNAlinear;Mensajero;Codificante;Citoplasma;-;Estructural y motora;0.6532178032217449;0.990007874254879;0.5985411900012082;0.9949197881564305;-0.05467661322053674
14;14;J02459.1;Escherichia phage Lambda, complete genome;97050;Sin;Escherichia phage Lambda;Virus;DNAlinear;GenomaCompleto;Codificante;Capsida;-;-;0.796007132916801;0.989466107821881;0.8462757400791594;0.9945229030075664;0.05026860716235837
15;15;M58018.1;Homo sapiens beta-myosin heavy chain (MYH7) mRNA, complete cds;6008;Sin;Homo sapiens;Animal;RNAlinear;Mensajero;Codificante;Citoplasma;40;Estructural y motora;0.649107582423344;0.990085604035522;0.6875839785965117;0.994942700124596;0.03847639617316767
16;16;M18533.1;Homo sapiens dystrophin (DMD) mRNA, complete cds;13957;Sin;Homo sapiens;Animal;RNAlinear;Mensajero;Codificante;Citoplasma;89;Estructural, anlcaje de proteinas ;0.683011931389731;0.993932640379798;0.7426198832926659;0.9950212599863896;0.059607951902934886
17;17;X15696.1;Human muscle mRNA for embryonic myosin heavy chain (SMHCE);3382;Sin;Homo sapiens;Animal;RNAlinear;Mensajero;Codificante;Citoplasma;43;Estructural y motora;0.445486378967109;0.990113912586932;0.6911400994726008;0.9950044912262168;0.24565372050549178
18;18;NC_012920.1;Homo sapiens mitochondrion, complete genome;16569;Sin;Homo sapiens;Animal;DNAcircular;GenomaCompleto;Codificante;Mitocondria;-;-;0.726797543387527;0.990010711356468;0.5229502979778492;0.9948915373292302;-0.2038472454096778
19;19;X53947.1;Yeast MYO1 gene for myosin heavy chain type II;6108;Sin;Saccharomyces cerevisiae;Hongo;DNAlinear;Gen;Codificante;Citoplasma;-;Estructural y motora;0.6427402615875379;0.989805789410325;0.4767212765709829;0.9949554650414564;-0.16601898501655504
20;20;XM_006122829.3;PREDICTED: Pelodiscus sinensis angiotensin I converting enzyme 2 (ACE2), mRNA;2730;Con;Pelodiscus sinensis;Animal;RNAlinear;Mensajero;Codificante;Citoplasma;18;Metabolismo de hormonas;0.503419911863088;0.990590680799357;0.5659172718394637;0.9949765578960014;0.06249735997637573
21;21;NC_000068.8:c172212820-172198110;Mus musculus strain C57BL/6J chromosome 2, GRCm39;14711;Con;Mus musculus;Animal;DNAlinear;SecuenciaDesconocida;Codificante;Nucleo;-;-;0.6240416312566329;0.989970622064178;0.5784446679448082;0.9948433618293748;-0.04559696331182472
22;22;NC_006103.5:2592998-2595800;Gallus gallus breed Red Jungle Fowl isolate RJF #256 chromosome 16, GRCg6a;2803;Con;Gallus gallus;Animal;DNAlinear;WGS;Codificante;Nucleo;-;-;0.6612906763079339;0.989435558188898;0.7127282723017792;0.9950783080311759;0.05143759599384523
23;23;NW_016107761.1:c626291-607222;Cebus imitator isolate Cc_AM_T3 unplaced genomic scaffold, Cebus_imitator-1.0 Scaffold446, whole genome shotgun sequence;19070;Con;Cebus imitator;Animal;DNAlinear;WGS;Codificante;Citoplasma;-;-;0.648788332729989;0.989488039355794;0.6500896941418305;0.9950191551115568;0.0013013614118414507
24;24;NW_022044743.1:32451093-32463318;Serinus canaria isolate sc_yellow_7_cibi ecotype domestic yellow unplaced genomic scaffold, cibio_Scana_2019 scaffold_7, whole genome shotgun sequence;12226;Con;Serinus canaria;Animal;DNAlinear;WGS;Codificante;Citoplasma;-;-;0.4759633083109761;0.990012138634205;0.7586402146990054;0.994842111937242;0.28267690638802934
25;25;NW_009271130.1:2362837-2405700;Struthio camelus australis isolate BGI_N308 unplaced genomic scaffold, ASM69896v1 scaffold54, whole genome shotgun sequence;42864;Con;Struthio camelus;Animal;DNAlinear;WGS;Codificante;Citoplasma;-;-;0.526221432076846;0.9889827192148308;0.5876112257243812;0.9949535694056711;0.06138979364753516
26;26;MH616792.1;CRESS virus sp. isolate ctbh479, complete genome;6249;Con;CRESS virus;Virus;DNAcircular;GenomaCompleto;Codificante;Capsida;9;-;0.593417833193825;0.9902461744854192;0.6100397513421634;0.9950159539703056;0.016621918148338355
27;27;NG_017013.2;Homo sapiens tumor protein p53 (TP53), RefSeqGene (LRG_321) on chromosome 17;32772;Con;Homo sapiens;Animal;DNAlinear;Gen;Codificante;Nucleo;12;Control de tumores;0.654577339945663;0.987148340400351;0.6272898579329348;0.9958112431326338;-0.027287482012728237
28;28;NG_012088.1;Homo sapiens interleukin 10 (IL10), RefSeqGene (LRG_1230) on chromosome 1;11892;Con;Homo sapiens;Animal;DNAlinear;Gen;Codificante;Nucleo;7;Citoquina(Señalizacion);0.526836464522876;0.9898059640364921;0.5812594379967846;0.9952345066005356;0.054422973473908565
29;29;NC_002807.1;Eptatretus burgeri mitochondrion, complete genome;17168;Con;Eptatretus burgeri;Animal;DNAcircular;GenomaCompleto;Codificante;Mitocondria;-;-;0.690488906305995;0.9900928377644921;0.5959086796647106;0.9953054121552324;-0.0945802266412844
30;30;NC_033675.1:51875148-51921111;Microcebus murinus isolate mixed chromosome 16, Mmur_3.0, whole genome shotgun sequence;45964;Con;Microcebus murinus;Animal;DNAlinear;WGS;Codificante;Nucleo;-;-;0.624646086845828;0.9897078335629992;0.6943087195102154;0.9953805980221179;0.06966263266438744
31;31;NW_003614971.1:c175669-157317;Cricetulus griseus unplaced genomic scaffold, CriGri_1.0 scaffold6439, whole genome shotgun sequence;18353;Con;Cricetulus griseus;Animal;DNAlinear;WGS;Codificante;Citoplasma;-;-;0.5801384322373361;0.9935604841232841;0.657093032959636;0.9970769833407588;0.07695460072229987
32;32;NG_013364.1;Homo sapiens transforming growth factor beta 1 (TGFB1), RefSeqGene on chromosome 19;30020;Con;Homo sapiens;Animal;DNAlinear;Gen;Codificante;Nucleo;7;Citoquina(Señalizacion);0.6934009415893849;0.9903274889677908;0.8015144827457539;0.9965740729032452;0.10811354115636895
33;33;NC_041317.1:c98741831-98734809;Podarcis muralis ecotype yellow chromosome 6, PodMur_1.0, whole genome shotgun sequence;7023;Con;Podarcis muralis;Animal;DNAlinear;WGS;Codificante;Nucleo;-;-;0.631001045563175;0.9919699571042008;0.7452883697106177;0.9949989120742296;0.11428732414744269
34;34;NC_000072.7:c113054205-113044389;Mus musculus strain C57BL/6J chromosome 6, GRCm39;9817;Con;Mus musculus;Animal;DNAlinear;SecuenciaDesconocida;Codificante;Nucleo;-;-;0.565440212228124;0.9872535552229792;0.8060681452120176;0.99538656411284;0.24062793298389362
35;35;NG_008732.1;Homo sapiens vascular endothelial growth factor A (VEGFA), RefSeqGene on chromosome 6;23272;Con;Homo sapiens;Animal;DNAlinear;Gen;Codificante;Nucleo;9;Factor de crecimiento;0.5331321029463529;0.989917457206973;0.7607561245939195;0.9960757896703404;0.22762402164756657
36;36;NR_025480.1;Vibrio chagasii strain R-3712 16S ribosomal RNA, partial sequence;1435;Sin;Vibrio chagasii;Bacteria;RNAlinear;Ribosomico;Estructural;Citoplasma;-;Ribosoma ;0.39553710252858704;0.9901917687956959;0.4135088421884174;0.9877366349789848;0.017971739659830344
37;37;XM_008696415.1;PREDICTED: Ursus maritimus angiotensin I converting enzyme 2 (ACE2), partial mRNA;3629;Sin;Ursus maritimus;Animal;RNAlinear;Mensajero;Codificante;Citoplasma;18;Metabolismo de hormonas;0.550939304473184;0.9911889225861272;0.5490140482620423;0.994913003293962;-0.0019252562111417015
38;38;NM_078497.4;Drosophila melanogaster actin 5C, transcript variant B (Act5C), mRNA;2653;Sin;Drosophila melanogaster;Animal;RNAlinear;Mensajero;Codificante;Citoplasma;-;Citoesqueleto;0.5909000630513729;0.9904776297076641;0.7786290381397272;0.9949776158540301;0.1877289750883543
39;39;NC_003283.11:10491743-10493256;Caenorhabditis elegans chromosome V;1514;Sin;Caenorhabditis elegans;Animal;DNAlinear;Gen;Codificante;Nucleo;-;Transporte de agua;0.49501558736838;0.989168102278125;0.6128358512073929;0.9938075883275492;0.11782026383901295
40;40;XM_712879.1;Candida albicans SC5314 Bmt3p (BMT3), partial mRNA;1650;Sin;Candida albicans;Hongo;RNAlinear;Mensajero;Codificante;Citoplasma;1;Sintesis pared celular;0.496755863757051;0.98767241964415;0.5042046847943482;0.9949760411166452;0.007448821037297215
41;41;XM_026847221.1;PREDICTED: Athene cunicularia caspase 3 (CASP3), mRNA;3093;Sin;Athene cunicularia;Animal;RNAlinear;Mensajero;Codificante;Citoplasma;8;Inmunologia;0.581504838503215;0.993461213113881;0.6875360665124924;0.9950128740293472;0.10603122800927745
42;42;XM_016249762.1;PREDICTED: Sinocyclocheilus grahami cadherin 11 (cdh11), mRNA;3265;Sin;Sinocyclocheilus grahami;Animal;RNAlinear;Mensajero;Codificante;Citoplasma;11;Adhesión celular;0.508607825718919;0.99117913603533;0.6936785284545829;0.994761569590396;0.18507070273566384
43;43;NC_005019.1:5337-6233;Escherichia coli plasmid pLG13, complete sequence;897;Sin;Escherichia coli;Bacteria;DNAlinear;Gen;Codificante;Plasmido;-;Regulatorio;0.481354640131535;0.987471704287319;0.4642427504870563;0.9949386744609012;-0.017111889644478684
44;44;NC_016842.1:720183-721229;Treponema pallidum subsp. pertenue str. SamoaD, complete sequence;1047;Sin;Treponema pallidum;Bacteria;DNAlinear;Gen;Codificante;Citoplasma;-;Proteina de union extracelular ;0.493920772527045;0.990414445354554;0.4342140718664797;0.9934076792113842;-0.059706700660565326
45;45;NC_001542.1;Rabies virus, complete genome;11932;Sin;Rabies lyssavirus;Virus;RNAlinear;GenomaCompleto;Codificante;Capsida;-;-;0.48216457607081;0.990214827672614;0.4795578565168786;0.9950749350888944;-0.0026067195539313803
46;46;XM_011963601.1;PREDICTED: Colobus angolensis palliatus hemoglobin, beta (HBB), mRNA;753;Sin;Colobus angolensis palliatusolobus;Animal;RNAlinear;Mensajero;Codificante;Citoplasma;3;Transporte en plasma sanguineo;0.514122707179233;0.989733903893715;0.51318728626607;0.9945668902557908;-0.0009354209131630098
47;47;XM_004323127.3;PREDICTED: Tursiops truncatus insulin like growth factor 1 (IGF1), transcript variant X2, mRNA;7069;Sin;Tursiops truncatus;Animal;RNAlinear;Mensajero;Codificante;Citoplasma;6;Factor de crecimiento;0.506182170732371;0.9908982570045308;0.7060852937700688;0.9947902191078208;0.19990312303769775
48;48;MG407584.1;Pinus sylvestris putative methyltransferase 1 (MET1-1) mRNA, partial cds;4667;Sin;Pinus sylvestris;Vegetal;RNAlinear;Mensajero;Codificante;Citoplasma;-;Replicacion ;0.504547195524077;0.9930179639129872;0.5728126877409491;0.9950209587281954;0.06826549221687206
49;49;NC_021546.1;Human rotavirus B strain Bang373 nonstructural protein 1-1 (NSP1-1), nonstructural protein 1-2 (NSP1-2), and nonstructural protein 1-3 (NSP1-3) genes, complete cds;1276;Sin;Human rotavirus B ;Virus;RNAlinear;Gen;Codificante;Capsida;-;Proteinas no estructurales;0.465732300634647;0.9902524905204021;0.4425014109778834;0.994832402567771;-0.023230889656763565
50;50;NC_003098.1:302261-304513;Streptococcus pneumoniae R6, complete sequence;2253;Sin;Streptococcus pneumoniae 26;Bacteria;DNAlinear;Gen;Codificante;Citoplasma;-;Union a penicilina;0.44582852883609203;0.9900807687434742;0.3905204235961501;0.994980227153348;-0.05530810523994195
51;51;NZ_CP032047.1:c3335-1743;Helicobacter pylori strain G-Mx-2006-46 plasmid unnamed;1593;Sin;Helicobacter pylori;Bacteria;DNAcircular;Gen;Codificante;Plasmido;-;Replicacion ;0.4573770350778541;0.990546965627005;0.4533803267330566;0.994906632342024;-0.003996708344797484
52;52;NC_001604.1;Enterobacteria phage T7, complete genome;39937;Sin;Escherichia phage T7;Virus;DNAlinear;GenomaCompleto;Codificante;Capsida;-;-;0.490870075678389;0.990070255520346;0.5642682727898789;0.9948666282733548;0.07339819711148993
53;53;NM_001030280.1;Danio rerio solute carrier family 24 member 5 (slc24a5), mRNA;2003;Sin;Danio rerio;Animal;RNAlinear;Mensajero;Codificante;Citoplasma;9;Transportador de solutos;0.5294759157866711;0.9904362682692992;0.7088815468879855;0.99487849510435;0.17940563110131447
54;54;NM_013693.3;Mus musculus tumor necrosis factor (Tnf), transcript variant 1, mRNA;1653;Sin;Mus musculus;Animal;RNAlinear;Mensajero;Codificante;Citoplasma;4;Control de tumores;0.543976747747401;0.99041561388786;0.6474119185841566;0.9951557170141212;0.10343517083675557
55;55;NC_012487.1:39589-49089;Escherichia coli plasmid pO26-Vir, complete sequence;9501;Sin;Escherichia coli;Bacteria;DNAlinear;Gen;Codificante;Plasmido;-;Toxicidad;0.5932608143723149;0.9905722397727448;0.5274452735653437;0.9950090908599044;-0.06581554080697127
56;56;NG_011648.1;Homo sapiens angiotensin I converting enzyme (ACE), RefSeqGene on chromosome 17;27546;Con;Homo sapiens;Animal;DNAlinear;Gen;Codificante;Nucleo;26;Metabolismo de hormonas;0.608324335257606;0.990843101185369;0.7747440222115362;0.995431184431522;0.16641968695393017
57;57;NG_007084.2;"Homo sapiens apolipoprotein E (APOE), RefSeqGene on chromosome 19; nuclear gene for mitochondrial product";10612;Con;Homo sapiens;Animal;DNAlinear;Gen;Codificante;Nucleo;6;Transporte lipoproteinas ;0.694209240078767;0.9902826855303101;0.6972540239741748;0.9943345213029948;0.0030447838954077433
58;58;NW_004503859.1:378169-388052;Dasypus novemcinctus isolate 3-136 unplaced genomic scaffold, Dasnov3.0 Scaffold46124, whole genome shotgun sequence;9884;Con;Dasypus novemcinctus;Animal;DNAlinear;WGS;Codificante;Citoplasma;-;-;0.536720851850503;0.990409302858116;0.6902035668490619;0.994929148521871;0.15348271499855892
59;59;NW_019799694.1:17-11236;Cyanistes caeruleus isolate BT333_1 unplaced genomic scaffold, cyaCae2 scaffold463_part1, whole genome shotgun sequence;11220;Con;Cyanistes caeruleus;Animal;DNAlinear;WGS;Codificante;Citoplasma;-;-;0.5061274506485129;0.9898601572030981;0.6924994161271147;0.9948738560778956;0.1863719654786018
60;60;AB701331.1;Laticauda semifasciata mitochondrial cytb gene for cytochrome b, partial cds, specimen_voucher: KUZ<JPN_:R67562;1029;Con;Laticauda semifasciata;Animal;DNAlinear;Gen;Codificante;Mitocondria;-;Cadena respiratoria;0.4843558977301821;0.9900004655971468;0.4598545901174535;0.9947339551859874;-0.024501307612728618
61;61;NG_029921.1;Homo sapiens major histocompatibility complex, class II, DR beta 1 (HLA-DRB1), RefSeqGene on chromosome 6;20403;Con;Homo sapiens;Animal;DNAlinear;Gen;Codificante;Nucleo;6;Inmunologia;0.622262191034062;0.990352054847461;0.7374890459252094;0.9945933794458256;0.11522685489114737
62;62;NG_011640.1;Homo sapiens interleukin 6 (IL6), RefSeqGene on chromosome 7;11856;Con;Homo sapiens;Animal;DNAlinear;Gen;Codificante;Nucleo;6;Citoquina(Señalizacion);0.475983223476489;0.985996168555907;0.7424521770046073;0.9961874539417124;0.2664689535281183
63;63;NC_009578.1;Clupea pallasii mitochondrion, complete genome;16700;Con;Clupea pallasii;Animal;DNAcircular;GenomaCompleto;Codificante;Mitocondria;-;-;0.698684677957187;0.9892479698361959;0.5667148859173025;0.994996065501592;-0.13196979203988457
64;64;NG_013351.1;Homo sapiens methylenetetrahydrofolate reductase (MTHFR), RefSeqGene (LRG_726) on chromosome 1;27374;Con;Homo sapiens;Animal;DNAlinear;Gen;Codificante;Nucleo;12;Cadena respiratoria;0.6337877986169841;0.9924636404870141;0.791781394470671;0.9951870753124212;0.15799359585368689
65;65;NW_006800371.1:c70432-64240;Poecilia formosa unplaced genomic scaffold, Poecilia_formosa-5.1.2 Scaffold432, whole genome shotgun sequence;6193;Con;Poecilia formosa;Animal;DNAlinear;WGS;Codificante;Citoplasma;-;-;0.5509678187624201;0.9963472796832952;0.6504090394196995;0.9950615009375532;0.09944122065727945
66;66;NW_017728931.1:c50723001-50711996;Crocodylus porosus isolate Cpor-Errol unplaced genomic scaffold, CroPor_comp1, whole genome shotgun sequence;11006;Con;Crocodylus porosus;Animal;DNAlinear;WGS;Codificante;Citoplasma;-;-;0.5790899265864711;0.9905154295660259;0.8823798161208263;0.9949996134502151;0.3032898895343552
67;67;NG_007462.1;Homo sapiens tumor necrosis factor (TNF), RefSeqGene on chromosome 6;9763;Con;Homo sapiens;Animal;DNAlinear;GenesRelacionados;Codificante;Nucleo;4;Control de tumores;0.693018498057501;0.987544340256303;0.6790084993874054;0.9959041537975292;-0.014009998670095669
68;68;NC_042987.1:c27893718-27886193;Salmo trutta chromosome 31, fSalTru1.1, whole genome shotgun sequence;7526;Con;Salmo trutta;Animal;DNAlinear;WGS;Codificante;Nucleo;-;-;0.591255807627648;0.9897856949293008;0.6460364729366639;0.9930887416771212;0.05478066530901593
69;69;NG_027722.2;Homo sapiens ubiquitin C (UBC), RefSeqGene on chromosome 12;10396;Con;Homo sapiens;Animal;DNAlinear;Gen;Codificante;Nucleo;2;Regulatorio;0.623050056212022;0.9958879133701072;0.7771735830770999;0.9956494538949752;0.1541235268650779
70;70;NP_476787.1;white [Drosophila melanogaster];687;Con;Drosophila melanogaster;Animal;DNAlinear;-;Codificante;Nucleo;-;-;0.49201757346988;0.990680595405509;0.4994005434957744;0.9953217940122052;0.0073829700258943864
71;71;NR_044682.2;Haemophilus influenzae strain 680 16S ribosomal RNA, partial sequence;1486;Sin;Haemophilus influenzae;Bacteria;RNAlinear;Ribosomico;Estructural;Citoplasma;-;Ribosoma ;0.438656874386819;0.9949604980079879;0.4065102795628157;0.9951331384552324;-0.03214659482400328
72;72;NR_121951.1;Borrelia miyamotoi strain LB-2001 23S ribosomal RNA gene, complete sequence;2941;Sin;Borrelia miyamotoi;Bacteria;RNAlinear;Ribosomico;Estructural;Citoplasma;-;Ribosoma ;0.464625924338568;0.994436354852316;0.5126673427485605;0.9937844302997496;0.04804141840999254
73;73;XM_027946507.1;PREDICTED: Marmota flaviventris angiotensin I converting enzyme 2 (Ace2), mRNA;2542;Sin;Marmota flaviventri;Animal;RNAlinear;Mensajero;Codificante;Citoplasma;18;Metabolismo de hormonas;0.512112052547796;0.990412247904994;0.5071727598755049;0.9948937389101464;-0.004939292672291096
74;74;NM_100663.4;Arabidopsis thaliana ascorbate peroxidase 1 (APX1), mRNA;1270;Sin;Arabidopsis thaliana;Vegetal;RNAlinear;Mensajero;Codificante;Citoplasma;9;Cadena respiratoria;0.5322564178000719;0.99386097396227;0.5143439761840992;0.9944046626726921;-0.01791244161597272
75;75;XM_026687634.1;PREDICTED: Notechis scutatus beclin 1 (BECN1), transcript variant X1, mRNA;2114;Sin;Notechis scutatus;Animal;RNAlinear;Mensajero;Codificante;Citoplasma;13;Control de tumores;0.6571551449050079;0.9910326904240021;0.7324394738128146;0.9934682650011682;0.07528432890780667
76;76;NM_007294.4;Homo sapiens BRCA1 DNA repair associated (BRCA1), transcript variant 1, mRNA;7088;Sin;Homo sapiens;Animal;RNAlinear;Mensajero;Codificante;Citoplasma;24;reparacion del ADN;0.5886182417385439;0.99346084432191;0.7205732943337982;0.9950070153275816;0.1319550525952543
77;77;XM_025430485.2;PREDICTED: Canis lupus dingo CD247 molecule (CD247), mRNA;1752;Sin;Canis lupus ;Animal;RNAlinear;Mensajero;Codificante;Citoplasma;8;Inmunologia;0.610215837615098;0.98713731906787;0.6226321084177289;0.9950084345652987;0.012416270802630858
78;78;NC_021505.1:1882637-1883197;Pseudomonas putida NBRC 14164, complete sequence;561;Sin;Pseudomonas putida;Bacteria;DNAlinear;Gen;Codificante;Citoplasma;-;Metabolismo de metales ;0.473102253484516;0.9902244511601039;0.4306678598613341;0.9944009836463628;-0.04243439362318191
79;79;KJ473680.1;Ginkgo biloba Dicer-like 3 (DCL3) mRNA, complete cds;5448;Sin;Ginkgo biloba;Vegetal;RNAlinear;Mensajero;Codificante;Citoplasma;-;Regulatorio;0.6031693062155781;0.987836176149682;0.5045422275222001;0.9950218249102422;-0.09862707869337795
80;80;NC_001802.1:5771-8341;Human immunodeficiency virus 1, complete genome;2571;Sin;Human immunodeficiency virus 1;Virus;RNAlinear;Gen;Codificante;Capsida;-;Señalizacion ;0.493287180653287;0.9910705215182101;0.6634136920920171;0.9949805598554572;0.17012651143873003
81;81;XM_032950717.1;PREDICTED: Petromyzon marinus glucokinase (GCK), transcript variant X1, mRNA;4467;Sin;Petromyzon marinus;Animal;RNAlinear;Mensajero;Codificante;Citoplasma;9;Metabolismo;0.5862130719013571;0.9927298597780899;0.8589707502541549;0.9949957380508528;0.27275767835279785
82;82;NC_002017.1:33-1733;Influenza A virus (A/Puerto Rico/8/1934(H1N1)) segment 4, complete sequence;1701;Sin;Influenza A virus;Virus;RNAlinear;Gen;Codificante;Capsida;-;Estructural e Infectologia ;0.446686500722089;0.9898755095021421;0.6689954147399946;0.9927683000095536;0.2223089140179056
83;83;NC_018732.3:115942084-115943044;Felis catus isolate Cinnamon breed Abyssinian chromosome D1, Felis_catus_9.0, whole genome shotgun sequence;961;Sin;Felis catus;Animal;DNAlinear;Gen;Codificante;Nucleo;-;Insulina;0.5594217406661421;0.996409156143164;0.6182785778361757;0.9952634076473684;0.05885683717003354
84;84;NM_003998.4;Homo sapiens nuclear factor kappa B subunit 1 (NFKB1), transcript variant 1, mRNA;4055;Sin;Homo sapiens;Animal;RNAlinear;Mensajero;Codificante;Citoplasma;27;Citoquina(Señalizacion);0.5697647574129849;0.9874249202185079;0.8005789038568288;0.9952240488453568;0.2308141464438439
85;85;NC_020176.2:c4824735-4821238;Ciona intestinalis chromosome 11, KH, whole genome shotgun sequence;3498;Sin;Ciona intestinalis;Animal;DNAlinear;WGS;Codificante;Nucleo;-;-;0.5960683160897751;0.995700221923154;0.7503755705804082;0.9951217412528552;0.1543072544906331
86;86;NC_001526.4;Human papillomavirus type 16, complete genome;7906;Sin;Human papillomavirus type 16;Virus;DNAcircular;GenomaCompleto;Codificante;Capsida;-;-;0.718284711314037;0.991445300134013;0.5862173575345713;0.9952730432343811;-0.13206735377946577
87;87;NM_001178839.3;Saccharomyces cerevisiae S288C ubiquinol--cytochrome-c reductase catalytic subunit RIP1 (RIP1), partial mRNA;648;Sin;Saccharomyces cerevisiae;Hongo;RNAlinear;Mensajero;Codificante;Citoplasma;1;Cadena respiratoria;0.42131212434297294;0.991131285583239;0.3930810154285447;0.9949257102200382;-0.02823110891442826
88;88;NC_003977.2;Hepatitis B virus (strain ayw) genome;3182;Sin;Hepatitis B;Virus;DNAcircular;GenomaCompleto;Codificante;Capsida;-;-;0.5226178155835329;0.994898020431742;0.7383524434895035;0.9939867268811166;0.21573462790597053
89;89;NC_002692.1;Tomato mosaic virus, complete genome;6383;Sin;Tomato mosaic virus;Virus;RNAlinear;GenomaCompleto;Codificante;Capsida;-;-;0.45500572908923;0.9893138839406359;0.6004245890200007;0.9957388393633828;0.14541885993077075
90;90;NC_003197.2:3348574-3350049;Salmonella enterica subsp. enterica serovar Typhimurium str. LT2, complete genome;1476;Sin;Salmonella enterica ;Bacteria;DNAlinear;Gen;Codificante;Citoplasma;-;Tolerancia;0.4139618004834539;0.989962417793698;0.4450758954957253;0.995929197147766;0.031114095012271414
91;91;NC_002549.1;Zaire ebolavirus isolate Ebola virus/H.sapiens-tc/COD/1976/Yambuku-Mayinga, complete genome;18959;Sin;Zaire ebolavirus;Virus;RNAlinear;GenomaCompleto;Codificante;Capsida;-;-;0.555556447337297;0.987690281313438;0.6918680521774401;0.9949890017048936;0.13631160484014304
92;92;NC_034578.1:42723360-42748257;Mus caroli chromosome 9, CAROLI_EIJ_v1.1, whole genome shotgun sequence;24898;Con;Mus caroli;Animal;DNAlinear;WGS;Codificante;Nucleo;-;-;0.6452228583319087;0.984909178099714;0.6357632229364327;0.9951551311756328;-0.009459635395476007
93;93;M80463.1;Mus musculus caudal type homeobox-1 (Cdx-1) gene, complete cds;7045;Con;Mus musculus;Animal;DNAlinear;Gen;Codificante;Nucleo;3;Estructural (Union a DNA);0.5472463148085026;0.9904906331901244;0.7549435273311219;0.9950151968013808;0.2076972125226193
94;94;NC_003070.9:c7729649-7727577;Arabidopsis thaliana chromosome 1 sequence;2073;Con;Arabidopsis thaliana;Vegetal;DNAlinear;SecuenciaDesconocida;Codificante;Nucleo;-;-;0.5655519397264771;0.99623601950286;0.7770365157668886;0.9949264805134276;0.2114845760404115
95;95;NC_003071.7:c12370420-12368220;Arabidopsis thaliana chromosome 2 sequence;2201;Con;Arabidopsis thaliana;Vegetal;DNAlinear;SecuenciaDesconocida;Codificante;Nucleo;-;-;0.5066792203673007;0.990530677554416;0.62798198385271;0.995038419631966;0.12130276348540925
96;96;NC_034594.1:68634748-68655825;Mus pahari chromosome 5, PAHARI_EIJ_v1.1, whole genome shotgun sequence;21078;Con;Mus pahari;Animal;DNAlinear;WGS;Codificante;Nucleo;-;-;0.613442142806306;0.9860263396149062;0.6491480881940356;0.9949731774673752;0.03570594538772953
97;97;AF043289.1;Mus musculus muscle-specific serine kinase 1 gene, complete cds;6000;Con;Mus musculus;Animal;DNAlinear;Gen;Codificante;Nucleo;15;Fosforilar(diferenciacion celular y señalizacion);0.5676826653334134;0.9888619730871788;0.6245321981539916;0.9950155976106873;0.05684953282057825
98;98;NC_003076.8:c19492744-19489327;Arabidopsis thaliana chromosome 5 sequence;3418;Con;Arabidopsis thaliana;Vegetal;DNAlinear;SecuenciaDesconocida;Codificante;Nucleo;-;-;0.542850441647389;0.990338555654251;0.7337136262705699;0.9949486281557764;0.19086318462318086
99;99;FOAA01000029.1;Ectothiorhodospira marina strain DSM 241 genome assembly, contig: Ga0121169_129, whole genome shotgun sequence;5700;Con;Ectothiorhodospira marina;Bacteria;DNAlinear;WGS;Codificante;Citoplasma;-;NO;0.5704526387118432;0.9906109073033318;0.4998868251159007;0.9947655125699886;-0.07056581359594244
100;100;GQ293073.1;Zymomonas mobilis subsp. mobilis NCIMB 11163 plasmid pZMO7, complete sequence;4551;Con;Zymomonas mobilis;Bacteria;DNAcircular;Plasmido;Codificante;Citoplasma;-;Proteina Movilización;0.5743355573171435;0.9897981002924904;0.8057468334262018;0.995023878672424;0.23141127610905832
101;101;NR_043407.1;Rhodobacter capsulatus strain ATCC 11166 16S ribosomal RNA, partial sequence;1389;Sin;Rhodobacter capsulatus;Bacteria;RNAlinear;Ribosomico;Estructural;Citoplasma;-;Ribosoma ;0.4828366799508044;0.9897267876645354;0.39268131726771976;0.9949888843226647;-0.09015536268308466
102;102;NR_102531.1;Anabaena cylindrica PCC 7122 strain PCC 7122 23S ribosomal RNA, complete sequence;2826;Sin;Anabaena cylindrica;Bacteria;RNAlinear;Ribosomico;Estructural;Citoplasma;-;Ribosoma ;0.4158740600615489;0.9905480396157276;0.4283210116706375;0.9949073414682184;0.012446951609088597
103;103;NR_075580.1;Chlorobium phaeobacteroides BS1 strain BS1 5S ribosomal RNA, complete sequence;109;Sin;Chlorobium phaeobacteroides;Bacteria;RNAlinear;Ribosomico;Estructural;Citoplasma;-;Ribosoma ;0.55669906482938;0.9888456382616798;0.4702843819935534;0.999747606365006;-0.08641468283582665
104;104;NC_045512.2;Severe acute respiratory syndrome coronavirus 2 isolate Wuhan-Hu-1, complete genome;29903;Sin;Severe acute respiratory syndrome coronavirus 2;Virus;RNAlinear;GenomaCompleto;Codificante;Capsida;-;JODERNOS LA VIDA;0.640395200632695;0.9927741055958405;0.6772037812143759;0.9949701990593144;0.036808580581680905
105;105;FJ457908.1;Gloeobacter violaceus PCC 7421 sucrose synthase (susA) gene, complete cds;2427;Sin;Gloeobacter violaceus;Bacteria;DNAlinear;Gen;Codificante;Citoplasma;-;Metabolismo;0.3757275187120219;0.9828461608136042;0.5237736234137403;0.9975835460594152;0.14804610470171842
106;106;AB039639.1;Oscillatoria acuminata groEL gene for GroEL, partial cds;1485;Sin;Oscillatoria acuminata ;Bacteria;DNAlinear;Gen;Codificante;Citoplasma;-;*Plegamiento de proteinas;0.41142795337855903;0.9899788956308044;0.4180088638218642;0.9957455650392636;0.006580910443305166
107;107;NC_000932.1:c3570-2056;Arabidopsis thaliana chloroplast, complete genome;1515;Sin;Arabidopsis thaliana;Vegetal;DNAcircular;SecuenciaDesconocida;Codificante;Cloroplasto;-;-;0.4210905527628852;0.989952090346715;0.5096317691144657;0.9950496421031292;0.08854121635158052
108;108;HM003048.1;Nostoc punctiforme PCC 73102 beta-propellar phytase (phyN) gene, complete cds;4254;Sin;Nostoc punctiforme;Bacteria;DNAlinear;Gen;Codificante;Citoplasma;-;Metabolismo;0.5708800127639415;0.9890179165907445;0.5119106094193148;0.9949960284513218;-0.05896940334462675
109;109;AJ544223.2;Thiocapsa roseopersicina partial pufL gene for photosynthetic reaction centre L subunit and partial pufM gene for photosynthetic reaction centre M subunit, genomic RNA;1561;Sin;Thiocapsa roseopersicina;Bacteria;RNAlinear;Mensajero;Codificante;Citoplasma;-;Fotosíntesis;0.4767442896190808;0.989398602425629;0.43417860080732384;0.9952858108612179;-0.04256568881175693
110;110;NM_153514.5;Mus musculus Rho-related BTB domain containing 2 (Rhobtb2), mRNA;5231;Sin;Mus musculus;Animal;RNAlinear;Mensajero;Codificante;Citoplasma;17;Citoesqueleto;0.5248552957304013;0.9900615916393728;0.671173487856646;0.9954982425276612;0.14631819212624464
111;111;NM_001358494.1;Mus musculus roundabout guidance receptor 2 (Robo2), transcript variant 6, mRNA;8573;Sin;Mus musculus;Animal;RNAlinear;Mensajero;Codificante;Citoplasma;27;Receptor;0.5132968153633641;0.9906272380273372;0.7871437701818713;0.995008156175898;0.2738469548185072
112;112;XM_009314279.1;Trypanosoma grayi alcohol dehydrogenase partial mRNA;1179;Sin;Trypanosoma grayi;Animal;RNAlinear;Mensajero;Codificante;Citoplasma;1;Metabolismo;0.4300101577039021;0.9898976487089772;0.486622389606127;0.9953577220219948;0.05661223190222492
113;113;NT_037436.4:c17557788-17551004;Drosophila melanogaster chromosome 3L;6785;Con;Drosophila melanogaster ;Animal;DNAlinear;Gen;Codificante;Nucleo;4;Regulacion ciclo celular;0.5477414154429882;0.9929295986363896;0.7966101602307196;0.9949921979931544;0.24886874478773147
114;114;NT_037436.4:c16051034-16038410;Drosophila melanogaster chromosome 3L;12625;Con;Drosophila melanogaster ;Animal;DNAlinear;Gen;Codificante;Nucleo;6;Regulacion ciclo celular;0.5748843442707725;0.9888535564548476;0.7058953510827277;0.9950033521391064;0.1310110068119552
115;115;NT_037436.4:c7189931-7159199;Drosophila melanogaster chromosome 3L;30733;Con;Drosophila melanogaster ;Animal;DNAlinear;Gen;Codificante;Nucleo;24;Molecula de adhesion ;0.5724365279349687;0.9904243631276928;0.6770387541498635;0.9948772927319214;0.10460222621489479
116;116;NC_004354.4:c16446993-16445176;Drosophila melanogaster chromosome X;1818;Con;Drosophila melanogaster ;Animal;DNAlinear;Gen;Codificante;Nucleo;2;Sexual;0.6022095693648718;0.9928969344543568;0.8355339419585386;0.9950269676426962;0.23332437259366678
117;117;NC_004354.4:19866146-19908108;Drosophila melanogaster chromosome X;41963;Con;Drosophila melanogaster ;Animal;DNAlinear;Gen;Codificante;Nucleo;14;Regulacion ciclo celular;0.5981809583794941;0.9909403957657744;0.7543127486963633;0.9958238691428096;0.1561317903168692
118;118;NT_033779.5:c8709611-8687226;Drosophila melanogaster chromosome 2L;22386;Con;Drosophila melanogaster ;Animal;DNAlinear;Gen;Codificante;Nucleo;11;Factor nuclear;0.5139961784942461;0.9906499221357103;0.6838795843940573;0.9949504696120636;0.1698834058998112
119;119;NT_033779.5:3163645-3169462;Drosophila melanogaster chromosome 2L;5818;Con;Drosophila melanogaster ;Animal;DNAlinear;Gen;Codificante;Nucleo;6;Enzima ;0.5032019438276532;0.9903760219081909;0.7350676182274102;0.9950073727045892;0.23186567439975703
120;120;NT_033778.4:c24390294-24378630;Drosophila melanogaster chromosome 2R;11665;Con;Drosophila melanogaster ;Animal;DNAlinear;Gen;Codificante;Nucleo;5;Receptor;0.5450569948577929;0.9914053273363708;0.7169937206946673;0.9946933960621144;0.17193672583687436
121;121;NT_033778.4:c10026042-9993890;Drosophila melanogaster chromosome 2R;32153;Con;Drosophila melanogaster ;Animal;DNAlinear;Gen;Codificante;Nucleo;11;Regulacion de la transduccion de la señal;0.5682890705509412;0.9870396652193126;0.6400685302262367;0.9837796791883912;0.07177945967529542
122;122;NT_033777.3:c20552311-20535323;Drosophila melanogaster chromosome 3R;16989;Con;Drosophila melanogaster ;Animal;DNAlinear;Gen;Codificante;Nucleo;11;Regulacion de la transduccion de la señal;0.5598552874556215;0.9893971819260516;0.71665930910228;0.9964214586757744;0.15680402164665852
123;123;NM_001300041.1;Drosophila melanogaster ankyrin 2, transcript variant Y (Ank2), mRNA;8988;Sin;Drosophila melanogaster ;Animal;RNAlinear;Mensajero;Codificante;Citoplasma;-;Estructural ;0.6038405133417586;0.9900553103209514;0.7785553088841173;0.99496476338377;0.1747147955423587
124;124;NM_001144184.3;Drosophila melanogaster ATPase 8A (ATP8A), transcript variant Q, mRNA;5460;Sin;Drosophila melanogaster ;Animal;RNAlinear;Mensajero;Codificante;Citoplasma;-;Enzima kinasa ;0.5630162863918124;0.9957754572361284;0.7867543118491342;0.9950599111685408;0.2237380254573218
125;125;NM_001258788.2;Drosophila melanogaster calcineurin A at 14F, transcript variant C (CanA-14F), mRNA;7965;Sin;Drosophila melanogaster ;Animal;RNAlinear;Mensajero;Codificante;Citoplasma;-;Enzima ;0.6180515982073244;0.9903549193966068;0.8511470617758066;0.9962720691078358;0.2330954635684822
126;126;NM_164617.2;Drosophila melanogaster collagen type IV alpha 1, transcript variant C (Col4a1), mRNA;5635;Sin;Drosophila melanogaster ;Animal;RNAlinear;Mensajero;Codificante;Citoplasma;-;Estructural ;0.5902228559591567;0.9912111529746356;0.493245263738298;0.9949386941379088;-0.09697759222085867
127;127;NT_033778.4:9979319-9980795;Drosophila melanogaster chromosome 2R;1477;Sin;Drosophila melanogaster ;Animal;RNAlinear;Mensajero;Codificante;Citoplasma;-;Estructural ;0.5330353760965894;0.9900239533682298;0.6829742539844773;0.9950425060536836;0.14993887788788796
128;128;NM_001274670.1;Drosophila melanogaster formin homology 2 domain containing, transcript variant I (Fhos), mRNA;8968;Sin;Drosophila melanogaster ;Animal;RNAlinear;Mensajero;Codificante;Citoplasma;22;Estructural ;0.5442601257566143;0.989957908608153;0.6372982440975948;0.9949959734774926;0.09303811834098052
129;129;NM_001258739.2;Drosophila melanogaster Netrin-B (NetB), transcript variant E, mRNA;6418;Sin;Drosophila melanogaster ;Animal;RNAlinear;Mensajero;Codificante;Citoplasma;-;Neuronal ;0.5363896686975081;0.9917527384079898;0.8391502977236555;0.9949919827275278;0.3027606290261473
130;130;NM_001103386.2;Drosophila melanogaster Rho GTPase activating protein at 1A (RhoGAP1A), transcript variant B, mRNA;5012;Sin;Drosophila melanogaster ;Animal;RNAlinear;Mensajero;Codificante;Citoplasma;-;Enzima kinasa ;0.4774766314867013;0.9984703003454346;0.5797148028451979;0.9931754224238456;0.10223817135849667
131;131;NM_140402.5;Drosophila melanogaster Spt20, transcript variant A (Spt20), mRNA;8007;Sin;Drosophila melanogaster ;Animal;RNAlinear;Mensajero;Codificante;Citoplasma;-;Regulacion de la transduccion de la señal;0.5644643852635359;0.9908542500075941;0.8081044028054711;0.9951253203610828;0.2436400175419352
132;132;NC_000076.7:75152711-75170626;Mus musculus strain C57BL/6J chromosome 10, GRCm39;17916;Con;Mus musculus ;Animal;DNAlinear;Gen;Codificante;Nucleo;6;Regulacion de la transduccion de la señal;0.5732085361234397;0.9882371918404924;0.68688067383017;0.9950922859424968;0.11367213770673035
133;133;NC_000078.7:c112641318-112620255;Mus musculus strain C57BL/6J chromosome 12, GRCm39;21064;Con;Mus musculus ;Animal;DNAlinear;Gen;Codificante;Nucleo;16;Apoptosis;0.5301113072524186;0.9896311932893624;0.7673439194457141;0.9949643045423536;0.2372326121932955
134;134;NC_000074.7:47070326-47092733;Mus musculus strain C57BL/6J chromosome 8, GRCm39;22408;Con;Mus musculus ;Animal;DNAlinear;Gen;Codificante;Nucleo;8;Apoptosis;0.5658018922219505;0.9912502876807094;0.6617604318949281;0.9950982694584544;0.09595853967297752
135;135;NC_000084.7:34994260-34998009;Mus musculus strain C57BL/6J chromosome 18, GRCm39;3750;Con;Mus musculus ;Animal;DNAlinear;Gen;Codificante;Nucleo;2;Union a DNA ;0.6260062501579918;0.989696948140144;0.7601438958565754;0.9949870430644387;0.13413764569858355
136;136;NC_000067.7:20801129-20804720;Mus musculus strain C57BL/6J chromosome 1, GRCm39;3592;Con;Mus musculus ;Animal;DNAlinear;Gen;Codificante;Nucleo;3;Inmunologia ;0.5531145606369172;0.9893750395822476;0.7578834751393118;0.9950238010321232;0.20476891450239454
137;137;NC_000072.7:c145196144-145162425;Mus musculus strain C57BL/6J chromosome 6, GRCm39;33720;Con;Mus musculus ;Animal;DNAlinear;Gen;Codificante;Nucleo;7;Enzima kinasa ;0.4968410916502756;0.9907558418488668;0.7078913033709798;0.9939566481698321;0.2110502117207042
138;138;NC_000075.7:c119169084-119165000;Mus musculus strain C57BL/6J chromosome 9, GRCm39;4085;Con;Mus musculus ;Animal;DNAlinear;Gen;Codificante;Nucleo;6;Apoptosis;0.4840267317977249;0.9895572397896616;0.5493391386933486;0.9952792310568634;0.06531240689562373
139;139;NC_000077.7:78811613-78851052;Mus musculus strain C57BL/6J chromosome 11, GRCm39;39440;Con;Mus musculus ;Animal;DNAlinear;Gen;Codificante;Nucleo;29;Metabolismo del oxido nitrico ;0.636043696753417;0.9957583171981534;0.6400469614128451;0.9950469114197978;0.00400326465942813
140;140;NC_000067.7:c93980278-93966027;Mus musculus strain C57BL/6J chromosome 1, GRCm39;14252;Con;Mus musculus ;Animal;DNAlinear;Gen;Codificante;Nucleo;5;Regulacion ciclo celular;0.5435004599546004;0.9893626321486068;0.7393007111288972;0.9949875289896124;0.19580025117429678
141;141;NC_000071.7:75311988-75358867;Mus musculus strain C57BL/6J chromosome 5, GRCm39;46880;Con;Mus musculus ;Animal;DNAlinear;Gen;Codificante;Nucleo;27;Factor de crecimiento ;0.6106435847729886;0.9905445202508472;0.6933260885297495;0.9950785682786496;0.0826825037567609
142;142;NC_000081.7:5172641-5211380;Mus musculus strain C57BL/6J chromosome 15, GRCm39;38740;Con;Mus musculus ;Animal;DNAlinear;Gen;Codificante;Nucleo;10;Enzima kinasa ;0.7087263051247601;0.996217340673394;0.7101844869534003;0.9949660063331042;0.0014581818286402148
143;143;NC_000071.7:c28672099-28661838;Mus musculus strain C57BL/6J chromosome 5, GRCm39;10262;Con;Mus musculus ;Animal;DNAlinear;Gen;Codificante;Nucleo;5;Union a calcio ;0.5162227736808597;0.9899917743909704;0.7311857322867127;0.9950353184902848;0.21496295860585302
144;144;NC_000077.7:c69839040-69833112;Mus musculus strain C57BL/6J chromosome 11, GRCm39;5929;Con;Mus musculus ;Animal;DNAlinear;Gen;Codificante;Nucleo;12;Trasnporte transmembrana ;0.5508689762092198;0.9897518883855284;0.6344512966402261;0.9948160571243856;0.08358232043100633
145;145;NM_001202500.3;Mus musculus armadillo repeat containing, X-linked 4 (Armcx4), mRNA;9014;Sin;Mus musculus ;Animal;RNAlinear;Mensajero;Codificante;Citoplasma;-;Sexual;0.6531067936825958;0.9910793873879512;0.8608208532212813;0.9949275165599184;0.2077140595386855
146;146;NM_007769.3;Mus musculus deleted in malignant brain tumors 1 (Dmbt1), transcript variant 2, mRNA;6250;Sin;Mus musculus ;Animal;RNAlinear;Mensajero;Codificante;Citoplasma;-;Relacion con tumores ;0.6491845490105521;0.9893823627139496;0.5951819170112408;0.9949908947958706;-0.054002631999311324
147;147;NM_007956.5;Mus musculus estrogen receptor 1 (alpha) (Esr1), transcript variant 1, mRNA;6248;Sin;Mus musculus ;Animal;RNAlinear;Mensajero;Codificante;Citoplasma;-;Receptor;0.5572506362832643;0.9912931161972942;0.847891685623816;0.9949557987781732;0.2906410493405517
148;148;NM_010513.2;Mus musculus insulin-like growth factor I receptor (Igf1r), mRNA;11978;Sin;Mus musculus ;Animal;RNAlinear;Mensajero;Codificante;Citoplasma;-;Factor de crecimiento ;0.6128707114323032;0.9895190149942424;0.7222163261220671;0.9950221214102352;0.10934561468976389
149;149;AF205935.1;Mus musculus MGA protein mRNA, complete cds;9021;Sin;Mus musculus ;Animal;RNAlinear;Mensajero;Codificante;Citoplasma;-;Union a DNA ;0.6799366220748109;0.9932737401265708;0.6860316560840597;0.9949947384873148;0.006095034009248823
150;150;NM_173018.2;Mus musculus myosin IXa (Myo9a), mRNA;11974;Sin;Mus musculus ;Animal;RNAlinear;Mensajero;Codificante;Citoplasma;-;Estructural ;0.7221375291521033;0.9904623839234656;0.5802873993402015;0.9946993615617132;-0.14185012981190182
151;151;NM_030595.1;Mus musculus neurobeachin (Nbea), mRNA;10998;Sin;Mus musculus ;Animal;RNAlinear;Mensajero;Codificante;Citoplasma;-;Enzima kinasa ;0.6054314654918436;0.9907314144335172;0.7651182402718839;0.9951835939251288;0.15968677478004034
152;152;NM_001286131.1;Mus musculus nuclear factor I/B (Nfib), transcript variant 5, mRNA;9021;Sin;Mus musculus ;Animal;RNAlinear;Mensajero;Codificante;Citoplasma;-;Factor nuclear;0.5039354364469839;0.9900434383983606;0.7042608201265002;0.9948831715296174;0.20032538367951624
153;153;NM_172924.3;Mus musculus pseudopodium-enriched atypical kinase 1 (Peak1), mRNA;10994;Sin;Mus musculus ;Animal;RNAlinear;Mensajero;Codificante;Citoplasma;-;Enzima kinasa ;0.6242630934844038;0.9984546253059816;0.6500615026878077;0.9952451643441046;0.025798409203403927
154;154;NM_053099.3;Mus musculus SET binding protein 1 (Setbp1), mRNA;11008;Sin;Mus musculus ;Animal;RNAlinear;Mensajero;Codificante;Citoplasma;-;Union a proteinas;0.5597963624132539;0.989966586736288;0.7494386640860718;0.995164228720818;0.18964230167281793
155;155;NM_009239.4;Mus musculus trans-acting transcription factor 4 (Sp4), transcript variant 1, mRNA;9017;Sin;Mus musculus ;Animal;RNAlinear;Mensajero;Codificante;Citoplasma;-;Factor de transcripcion ;0.5476163013995797;0.9912375341507196;0.7833032173057648;0.9950047776835204;0.23568691590618507
156;156;NC_003075.7:18324457-18328831;Arabidopsis thaliana chromosome 4 sequence;4375;Con;Arabidopsis thaliana;Vegetal;DNAlinear;Gen;Codificante;Nucleo;1;Enzima kinasa ;0.7134163416986773;0.9922477123940052;0.6133226484089325;0.9949933755386624;-0.10009369328974482
157;157;NC_003071.7:19245591-19248915;Arabidopsis thaliana chromosome 2 sequence;3325;Con;Arabidopsis thaliana;Vegetal;DNAlinear;Gen;Codificante;Nucleo;8;Ritmo circadiano ;0.6137373670456214;0.9902880853107436;0.7752515727440998;0.9950122821160432;0.1615142056984784
158;158;NC_003071.7:13977881-13983609;Arabidopsis thaliana chromosome 2 sequence;5729;Con;Arabidopsis thaliana;Vegetal;DNAlinear;Gen;Codificante;Nucleo;13;Ubiquitinizacion ;0.5058270565851262;0.9917646419906114;0.5182122696969023;0.9948770296124644;0.012385213111776094
159;159;NC_003075.7:5723651-5727268;Arabidopsis thaliana chromosome 4 sequence;3618;Con;Arabidopsis thaliana;Vegetal;DNAlinear;Gen;Codificante;Nucleo;4;Proteina de union ;0.6556554383863555;0.988075387267904;0.7515779130505033;0.9950163973266284;0.09592247466414772
160;160;NC_003070.9:24734162-24737756;Arabidopsis thaliana chromosome 1 sequence;3595;Con;Arabidopsis thaliana;Vegetal;DNAlinear;Gen;Codificante;Nucleo;7;Enzima kinasa ;0.5681946269371982;0.9903358024289238;0.585895918354718;0.9948214074133042;0.01770129141751975
161;161;NC_003076.8:c3179448-3173382;Arabidopsis thaliana chromosome 5 sequence;6067;Con;Arabidopsis thaliana;Vegetal;DNAlinear;Gen;Codificante;Nucleo;8;Factor de transcripcion ;0.4948171727221722;0.9882557761454736;0.5807244168783272;0.9947748044513792;0.08590724415615503
162;162;NC_003076.8:18791575-18795908;Arabidopsis thaliana chromosome 5 sequence;4334;Con;Arabidopsis thaliana;Vegetal;DNAlinear;Gen;Codificante;Nucleo;2;Enzima kinasa ;0.5319358133424362;0.9844463923354516;0.5804372806081757;0.994030355801924;0.04850146726573945
163;163;NC_003076.8:16529090-16533287;Arabidopsis thaliana chromosome 5 sequence;4198;Con;Arabidopsis thaliana;Vegetal;DNAlinear;Gen;Codificante;Nucleo;7;Union a DNA ;0.6535062166910659;0.9906455537987474;0.7274498520652648;0.9949746823598334;0.0739436353741989
164;164;NC_003074.8:c34670-31145;Arabidopsis thaliana chromosome 3 sequence;3526;Con;Arabidopsis thaliana;Vegetal;DNAlinear;Gen;Codificante;Nucleo;11;Enzima kinasa ;0.5291954429814374;0.9908905677837612;0.553254746359068;0.9949986691722452;0.024059303377630625
165;165;NC_003074.8:16756571-16758874;Arabidopsis thaliana chromosome 3 sequence;2304;Con;Arabidopsis thaliana;Vegetal;DNAlinear;Gen;Codificante;Nucleo;6;Señalizacion ;0.5821401894676413;0.9903675084960106;0.5797836215120259;0.9950262599939108;-0.0023565679556154517
166;166;NC_003076.8:23523825-23533111;Arabidopsis thaliana chromosome 5 sequence;9287;Con;Arabidopsis thaliana;Vegetal;DNAlinear;Gen;Codificante;Nucleo;24;Fotosintesis ;0.6069100875172282;0.9916805307396718;0.658204551323311;0.9948202741887758;0.051294463806082824
167;167;NC_003071.7:8139756-8144461;Arabidopsis thaliana chromosome 2 sequence;4706;Con;Arabidopsis thaliana;Vegetal;DNAlinear;Gen;Codificante;Nucleo;3;Fotosintesis ;0.4898416607459401;0.9900182090953332;0.6056190076705297;0.9949746826475604;0.11577734692458957
168;168;NC_003071.7:c16797585-16796247;Arabidopsis thaliana chromosome 2 sequence;1339;Sin;Arabidopsis thaliana;Vegetal;DNAlinear;Gen;Codificante;Nucleo;1;Factor de transcripcion ;0.6609814191847421;0.993332432784304;0.7860907863709733;0.9951823356068996;0.12510936718623122
169;169;NM_001342958.1;Arabidopsis thaliana actin binding protein (AT5G07740), mRNA;5983;Sin;Arabidopsis thaliana;Vegetal;RNAlinear;Mensajero;Codificante;Citoplasma;-;Proteina de transporte;0.7702317453988876;0.9911355498149026;0.8272634312258326;0.9949087781388146;0.057031685826944956
170;170;NM_112806.3;Arabidopsis thaliana autophagy 2 (ATG2), mRNA;5990;Sin;Arabidopsis thaliana;Vegetal;RNAlinear;Mensajero;Codificante;Citoplasma;-;Autofagia;0.4863546634286479;0.9899345279204441;0.4647612830077433;0.9949774771615819;-0.02159338042090464
171;171;NC_003070.9:c1188696-1185512;Arabidopsis thaliana chromosome 1 sequence;3185;Sin;Arabidopsis thaliana;Vegetal;DNAlinear;Gen;Codificante;Nucleo;5;Proteina de union ;0.5379390910791293;0.990051547161944;0.6411680945841862;0.9950226131402508;0.10322900350505693
172;172;NM_001333706.1;Arabidopsis thaliana calpain-type cysteine protease family (DEK1), mRNA;7610;Sin;Arabidopsis thaliana;Vegetal;RNAlinear;Mensajero;Codificante;Citoplasma;-;Metabolica ;0.6958458397061628;0.991486770145771;0.5231065140850101;0.9952063706488908;-0.17273932562115268
173;173;AY337762.1;Arabidopsis thaliana LAP1 (At2g13680) mRNA, complete cds;5950;Sin;Arabidopsis thaliana;Vegetal;RNAlinear;Mensajero;Codificante;Citoplasma;-;Factor de transcripcion ;0.5287149539025463;0.9924859235482618;0.6259250446596668;0.993281604435716;0.0972100907571205
174;174;NM_001204004.1;Arabidopsis thaliana phosphotransferases/inositol or phosphatidylinositol kinase (AT4G36080), mRNA;11964;Sin;Arabidopsis thaliana;Vegetal;RNAlinear;Mensajero;Codificante;Citoplasma;-;Enzima kinasa ;0.6052408074662889;0.9922120917488544;0.4731339519087767;0.9952475793986748;-0.13210685555751223
175;175;NM_001339354.1;Arabidopsis thaliana Serine/Threonine-kinase ATM-like protein (ATM), mRNA;9734;Sin;Arabidopsis thaliana;Vegetal;RNAlinear;Mensajero;Codificante;Citoplasma;-;Enzima kinasa ;0.6380046341920033;0.9915753741396821;0.511201083904678;0.9955774159221724;-0.12680355028732526
176;176;NM_114674.7;Arabidopsis thaliana protein SUO (SUO), mRNA;5958;Sin;Arabidopsis thaliana;Vegetal;RNAlinear;Mensajero;Codificante;Citoplasma;-;Regulación miRNA;0.5970331630670228;0.9928772412397802;0.5154222909759145;0.9949927268390442;-0.08161087209110829
177;177;NM_001198157.1;Arabidopsis thaliana THO2 (THO2), mRNA;5962;Sin;Arabidopsis thaliana;Vegetal;RNAlinear;Mensajero;Codificante;Citoplasma;-;Regulación miRNA;0.6560230506520051;0.9951626704527912;0.4524111159553821;0.9952661839097432;-0.20361193469662298
178;178;NM_105700.3;Arabidopsis thaliana ubiquitin-protein ligase 2 (UPL2), mRNA;11639;Sin;Arabidopsis thaliana;Vegetal;RNAlinear;Mensajero;Codificante;Citoplasma;-;Enzima ligasa;0.6763703522186165;0.9937694642036472;0.4932151742482144;0.9945104088360096;-0.1831551779704021
179;179;NM_001339468.1;Arabidopsis thaliana vacuolar protein sorting-associated protein, putative (DUF1162) (AT3G50380), mRNA;9582;Sin;Arabidopsis thaliana;Vegetal;RNAlinear;Mensajero;Codificante;Citoplasma;-;Proteina vacuolar;0.5231089170936483;0.9951239885854756;0.4391550744473433;0.9952421300903124;-0.08395384264630495
180;180;NM_001332514.1;Arabidopsis thaliana Zinc finger C-x8-C-x5-C-x3-H type family protein (AT1G21580), mRNA;7705;Sin;Arabidopsis thaliana;Vegetal;RNAlinear;Mensajero;Codificante;Citoplasma;-;Dedo de zinc;0.5893301248520864;0.9909590737047744;0.5540149672846578;0.9948556403282608;-0.035315157567428535
181;181;NC_007128.7:50564103-50586135;Danio rerio strain Tuebingen chromosome 17, GRCz11 Primary Assembly;22033;Con;Danio rerio ;Animal;DNAlinear;Gen;Codificante;Nucleo;4;Factor de crecimiento ;0.5008328993539078;0.996368583699386;0.7082670374465324;0.9950444972310708;0.20743413809262456
182;182;NC_007120.7:c3400729-3397407;Danio rerio strain Tuebingen chromosome 9, GRCz11 Primary Assembly;3323;Con;Danio rerio ;Animal;DNAlinear;Gen;Codificante;Nucleo;3;Union a DNA ;0.4599230348280014;0.9909861334113516;0.7554841785090518;0.9950145978546584;0.2955611436810504
183;183;NC_007124.7:28495517-28501985;Danio rerio strain Tuebingen chromosome 13, GRCz11 Primary Assembly;6469;Con;Danio rerio ;Animal;DNAlinear;Gen;Codificante;Nucleo;5;Factor de crecimiento ;0.5266392072227382;0.9890993642846648;0.7167561411806638;0.9950127043868704;0.19011693395792562
184;184;NC_007124.7:28495517-28501985;Danio rerio strain Tuebingen chromosome 13, GRCz11 Primary Assembly;6469;Con;Danio rerio ;Animal;DNAlinear;Gen;Codificante;Nucleo;5;Factor de crecimiento ;0.5266392072227382;0.9890993642846648;0.7167561411806638;0.9950127043868704;0.19011693395792562
185;185;NC_007122.7:c3865612-3847883;Danio rerio strain Tuebingen chromosome 11, GRCz11 Primary Assembly;17730;Con;Danio rerio ;Animal;DNAlinear;Gen;Codificante;Nucleo;8;Union a DNA ;0.5478728747884558;0.987997715202796;0.7350812851672973;0.995219917592438;0.1872084103788415
186;186;NC_007128.7:c19345495-19343015;Danio rerio strain Tuebingen chromosome 17, GRCz11 Primary Assembly;2481;Con;Danio rerio ;Animal;DNAlinear;Gen;Codificante;Nucleo;3;Union a DNA ;0.5463200293650806;0.9898829731132174;0.6852181263491903;0.995524207272428;0.1388980969841097
187;187;NC_007121.7:44956660-44963775;Danio rerio strain Tuebingen chromosome 10, GRCz11 Primary Assembly;7116;Con;Danio rerio ;Animal;DNAlinear;Gen;Codificante;Nucleo;7;Inmunologia ;0.5563791024551222;0.9898351072280048;0.7355805424863813;0.9944038121947408;0.17920144003125904
188;188;NC_007134.7:31815423-31830043;Danio rerio strain Tuebingen chromosome 23, GRCz11 Primary Assembly;14621;Con;Danio rerio ;Animal;DNAlinear;Gen;Codificante;Nucleo;16;Union a DNA ;0.5850253239026744;0.9935859503556812;0.7151140205424584;0.9948342537035658;0.13008869663978406
189;189;NC_007119.7:c40464935-40457107;Danio rerio strain Tuebingen chromosome 8, GRCz11 Primary Assembly;7829;Con;Danio rerio ;Animal;DNAlinear;Gen;Codificante;Nucleo;7;Union a calcio ;0.5433268083619763;0.9917705080436656;0.5729816671808211;0.9948140529654051;0.029654858818844776
190;190;NC_007136.7:c31423459-31421253;Danio rerio strain Tuebingen chromosome 25, GRCz11 Primary Assembly;2207;Con;Danio rerio ;Animal;DNAlinear;Gen;Codificante;Nucleo;3;Union a DNA ;0.6914522329848246;0.9907836175604212;0.8083156657477729;0.9950749120627594;0.1168634327629483
191;191;NC_007118.7:40884012-40891326;Danio rerio strain Tuebingen chromosome 7, GRCz11 Primary Assembly;7315;Con;Danio rerio ;Animal;DNAlinear;Gen;Codificante;Nucleo;3;Proteina de union ;0.523500212465067;0.990549704214338;0.6827828751042395;0.9947585955796018;0.15928266263917257
192;192;NC_007130.7:27019432-27024013;Danio rerio strain Tuebingen chromosome 19, GRCz11 Primary Assembly;4582;Con;Danio rerio ;Animal;DNAlinear;Gen;Codificante;Nucleo;4;Regulacion de tumores ;0.5010794673058163;0.9898997375422834;0.694080030855338;0.9954227207797992;0.19300056354952166
193;193;NC_007116.7:24086227-24097807;Danio rerio strain Tuebingen chromosome 5, GRCz11 Primary Assembly;11581;Con;Danio rerio ;Animal;DNAlinear;Gen;Codificante;Nucleo;12;Regulacion de tumores ;0.5055849311536939;0.9865723226405424;0.6140153816034992;0.9949538770734276;0.10843045044980537
194;194;NC_007127.7:c4317955-4287539;Danio rerio strain Tuebingen chromosome 16, GRCz11 Primary Assembly;30417;Con;Danio rerio ;Animal;DNAlinear;Gen;Codificante;Nucleo;8;Regulacion de la homeostasia ;0.6105007558410811;0.992535352363586;0.6967107602614044;0.9949673169077986;0.08621000442032334
195;195;GU936661.1;Danio rerio Fras1-like extracellular matrix protein 2a mRNA, complete cds;9730;Sin;Danio rerio ;Animal;RNAlinear;Mensajero;Codificante;Citoplasma;-;Proteina de la matriz extracelular;0.5434217339844467;0.991344980862602;0.8141742933805445;0.9947160649454316;0.27075255939609777
196;196;DQ232730.1;Danio rerio laminin alpha 5 (lama5) mRNA, complete cds;11565;Sin;Danio rerio ;Animal;RNAlinear;Mensajero;Codificante;Citoplasma;-;Señalizacion ;0.7069689159589813;0.9914034728024634;0.6323336815292829;0.9954624137036898;-0.07463523442969833
197;197;DQ641424.1;Danio rerio neurexin 1a alpha mRNA, complete cds;6406;Sin;Danio rerio ;Animal;RNAlinear;Mensajero;Codificante;Citoplasma;-;Neuronal ;0.5485288537029883;0.990429272891528;0.6980771763334372;0.9954043002509528;0.14954832263044893
198;198;JQ073816.1;Danio rerio NLRC5a protein (NLRC5) mRNA, complete cds, alternatively spliced;6351;Sin;Danio rerio ;Animal;RNAlinear;Mensajero;Codificante;Citoplasma;-;Señalizacion ;0.5130082047327991;0.989808203665644;0.6187430797768888;0.9950216688774384;0.10573487504408974
199;199;AY313897.1;Danio rerio ion channel NompC (nompc) mRNA, complete cds;5533;Sin;Danio rerio ;Animal;RNAlinear;Mensajero;Codificante;Citoplasma;-;Canal ionico ;0.7012286610335159;0.9884788420953172;0.7502987000773074;0.9950040039746948;0.04907003904379148
200;200;AY313897.1;Danio rerio ion channel NompC (nompc) mRNA, complete cds;5533;Sin;Danio rerio ;Animal;RNAlinear;Mensajero;Codificante;Citoplasma;-;Canal ionico ;0.7012286610335159;0.9884788420953172;0.7502987000773074;0.9950040039746948;0.04907003904379148
201;201;KF147926.1;Danio rerio rabconnectin-3a (Rbcn3a) mRNA, complete cds;9153;Sin;Danio rerio ;Animal;RNAlinear;Mensajero (SPLICING ALTERNATIVO);Codificante;Citoplasma;-;Señalizacion ;0.5504203940476645;0.9859468750398924;0.4892840077864951;0.99386839311737;-0.061136386261169406
202;202;JF693485.1;Danio rerio reelin (reln) mRNA, complete cds;10947;Sin;Danio rerio ;Animal;RNAlinear;Mensajero;Codificante;Citoplasma;-;Neuronal ;0.5306928748694665;0.9900576064656152;0.4866049705158858;0.9951665843593476;-0.044087904353580676
203;203;XM_001921008.5;PREDICTED: Danio rerio tensin 2a (tns2a), transcript variant X1, mRNA;11285;Sin;Danio rerio ;Animal;RNAlinear;Mensajero(PREDICTED);Codificante;Citoplasma;-;Tensina;0.5684682674129009;0.9899701505361485;0.8706446153791744;0.99502396568155;0.30217634796627346
204;204;NC_000009.12:5450542-5470554;Homo sapiens chromosome 9, GRCh38.p13 Primary Assembly;20013;Con;Homo sapiens ;Animal;DNAlinear;Gen;Codificante;Nucleo;7;Inmunologia ;0.5721837355947013;0.9889452085072448;0.6522059302446895;0.9950386666373454;0.08002219464998828
205;205;NC_000009.12:c21995324-21967752;Homo sapiens chromosome 9, GRCh38.p13 Primary Assembly;27573;Con;Homo sapiens ;Animal;DNAlinear;Gen;Codificante;Nucleo;8;Enzima kinasa ;0.5924499757364455;0.9892200724165904;0.7995202483682542;0.9949792478624566;0.20707027263180866
206;206;NC_000001.11:c159714589-159712289;Homo sapiens chromosome 1, GRCh38.p13 Primary Assembly;2301;Con;Homo sapiens ;Animal;DNAlinear;Gen;Codificante;Nucleo;3;Señalizacion ;0.5967908617834045;0.9894455051704748;0.6344376807993307;0.9949977860895844;0.03764681901592626
207;207;NC_000003.12:41199422-41240445;Homo sapiens chromosome 3, GRCh38.p13 Primary Assembly;41024;Con;Homo sapiens ;Animal;DNAlinear;Gen;Codificante;Nucleo;12;Estructural ;0.6818178682023207;0.9899626594276912;0.5750801899929069;0.9938160856296062;-0.10673767820941382
208;208;NC_000020.11:46008908-46016561;Homo sapiens chromosome 20, GRCh38.p13 Primary Assembly;7654;Con;Homo sapiens ;Animal;DNAlinear;Gen;Codificante;Nucleo;13;Proteina de la matriz extracelular;0.6671722316882298;0.9877114935868572;0.755392819250601;0.9961133436594908;0.08822058756237117
209;209;NC_000010.11:67884656-67918390;Homo sapiens chromosome 10, GRCh38.p13 Primary Assembly;33735;Con;Homo sapiens ;Animal;DNAlinear;Gen;Codificante;Nucleo;11;Regulacion de tumores ;0.6004011769982907;0.9899368311409276;0.6860928625441713;0.9923700760398146;0.08569168554588069
210;210;AF188700.1;Homo sapiens actin filament associated protein (AFAP) mRNA, complete cds;7279;Sin;Homo sapiens ;Animal;RNAlinear;Mensajero;Codificante;Citoplasma;-;Estructural ;0.6529713488566251;0.9846718926284465;0.7033798258716675;0.9949485460442687;0.05040847701504236
211;211;AF406992.1;Homo sapiens A-kinase anchoring protein mRNA, complete cds;9468;Sin;Homo sapiens ;Animal;RNAlinear;Mensajero;Codificante;Citoplasma;-;Proteina de anclaje ;0.5138253364438289;0.9943080114393638;0.710384960828154;0.9950050053079827;0.19655962438432517
212;212;AB005298.1;Homo sapiens BAI 2 mRNA, complete cds;5399;Sin;Homo sapiens ;Animal;RNAlinear;Mensajero;Codificante;Citoplasma;-;Neuronal ;0.6432794389963218;0.9926148100793001;0.5874511981010145;0.9949973770573622;-0.055828240895307246
213;213;AB050197.1;Homo sapiens BMCC1 mRNA for BNIP2 motif containing molecule at the carboxyl tarminal region 1, complete cds;11690;Sin;Homo sapiens ;Animal;RNAlinear;Mensajero;Codificante;Citoplasma;-;Desarrollo del bebe ;0.6914749328710554;0.9892863882150308;0.6828323144207861;0.9958249730784712;-0.008642618450269368
214;214;AB371582.1;Homo sapiens FLNB mRNA for filamin B, splicing variant, complete cds, clone: HP04958-ARi12F08;7973;Sin;Homo sapiens ;Animal;RNAlinear;Mensajero (SPLICING ALTERNATIVO);Codificante;Citoplasma;-;Estructural ;0.4038389667449262;0.9839280784865108;0.5146023477817373;0.9937293079404969;0.1107633810368111
215;215;AF231023.1;Homo sapiens protocadherin Flamingo 1 (FMI1) mRNA, complete cds;11956;Sin;Homo sapiens ;Animal;RNAlinear;Mensajero;Codificante;Citoplasma;-;Desarrollo del bebe ;0.4794183193133107;0.9901109277783761;0.7567275810828892;0.9950003858862876;0.2773092617695785
216;216;KX533489.1;Homo sapiens leucine-rich repeat flightless-interacting protein 2 (LRRFIP2) mRNA, complete cds;9438;Sin;Homo sapiens ;Animal;RNAlinear;Mensajero;Codificante;Citoplasma;-;Desarrollo del bebe ;0.6900204539891157;0.9889001962584464;0.7648570206869141;0.9954568200172748;0.07483656669779837
217;217;AY026895.1;Homo sapiens NREBP mRNA, complete cds;8266;Sin;Homo sapiens ;Animal;RNAlinear;Mensajero;Codificante;Citoplasma;-;Inmunologia ;0.6706942766659418;0.9929533297819674;0.8018691963080317;0.995035191479942;0.13117491964208983
218;218;AJ295695.1;Homo sapiens mRNA for stabilin-2 (STAB2 gene);8266;Sin;Homo sapiens ;Animal;RNAlinear;Mensajero;Codificante;Citoplasma;-;Metabolismo;0.5284659935114281;0.9916909062455892;0.7182775993160748;0.9950384275027808;0.18981160580464673
219;219;NC_010409.1:65326-66141;Escherichia coli plasmid pVM01, complete sequence;816;Sin;Escherichia coli ;Bacteria;DNAlinear;Plasmido ;Codificante;Plasmido;-;Metabolismo ;0.42498196308528297;0.9893338097423928;0.4817796295732407;0.9953695657461232;0.056797666487957754
220;220;NC_012487.1:57774-61676;Escherichia coli plasmid pO26-Vir, complete sequence;3903;Sin;Escherichia coli ;Bacteria;DNAlinear;Plasmido ;Codificante;Plasmido;-;Plasmido ;0.4158324025349961;0.9880987618891776;0.6934231970878288;0.9942750734180644;0.27759079455283275
221;221;U16658.1;Escherichia coli histidine rich heavy metal associated P type ATPase (HRA-1) mRNA, complete cds;3240;Sin;Escherichia coli ;Bacteria;RNAlinear;Mensajero;Codificante;Citoplasma;-;Enzima kinasa ;0.580291607802417;0.9891284710158006;0.5593129899275892;0.9945892981057364;-0.0209786178748278
222;222;U16659.1;Escherichia coli histidine rich heavy metal associated P type ATPase (HRA-2) mRNA, complete cds;2680;Sin;Escherichia coli ;Bacteria;RNAlinear;Mensajero;Codificante;Citoplasma;-;Enzima kinasa ;0.4918245063573345;0.9899287252718124;0.5448729735339746;0.994725034101971;0.05304846717664008
223;223;NC_010409.1:50349-51305;Escherichia coli plasmid pVM01, complete sequence;957;Sin;Escherichia coli ;Bacteria;DNAlinear;Plasmido ;Codificante;Plasmido;-;Metabolismo;0.5472462450591461;0.9894848114732544;0.4778589063474303;0.9954061222647836;-0.06938733871171582
224;224;NC_010558.1:88792-89193;Escherichia coli plasmid pIP1206, complete sequence;402;Sin;Escherichia coli ;Bacteria;DNAlinear;Plasmido ;Codificante;Plasmido;-;Toxinas ;0.5404373735857358;0.9902833835979541;0.469492513432294;0.9943316817909024;-0.07094486015344187
225;225;NC_008460.1:9654-13748;Escherichia coli plasmid pO86A1, complete sequence;4095;Sin;Escherichia coli ;Bacteria;DNAlinear;Plasmido ;Codificante;Plasmido;-;Plasmido ;0.4882565807607366;0.9919749874391768;0.4954656876451965;0.9950012731880352;0.007209106884459915
226;226;AY804013.1;Escherichia coli strain T10 alpha-amylase mRNA, complete cds;2031;Sin;Escherichia coli ;Bacteria;RNAlinear;Mensajero;Codificante;Citoplasma;-;Metabolismo;0.4704586139337867;0.9902422338876375;0.4231701830329535;0.9950603259228492;-0.04728843090083318
227;227;NC_024960.1:20507-21712;Escherichia coli plasmid pIS04_68, complete sequence;1206;Sin;Escherichia coli ;Bacteria;DNAlinear;Plasmido ;Codificante;Plasmido;-;Metabolismo;0.4997189577012402;0.9897238546465466;0.4813969392748737;0.9949651280739279;-0.018322018426366493
228;228;NC_010409.1:c110191-109448;Escherichia coli plasmid pVM01, complete sequence;744;Sin;Escherichia coli ;Bacteria;DNAlinear;Plasmido ;Codificante;Plasmido;-;Sexual;0.4478395342751181;0.9897879735939012;0.5021741079295501;0.9950416332007782;0.054334573654432006
229;229;NC_010409.1:c79414-75281;Escherichia coli plasmid pVM01, complete sequence;4134;Sin;Escherichia coli ;Bacteria;DNAlinear;Plasmido ;Codificante;Plasmido;-;Metabolismo;0.4766139992106029;0.9904042438639516;0.4306181316482656;0.9936167915885016;-0.045995867562337256
230;230;NM_001181071.1;Saccharomyces cerevisiae S288C clathrin heavy chain (CHC1), partial mRNA;4962;Sin;Saccharomyces cerevisae;Hongo;RNAlinear;Mensajero;Codificante;Citoplasma;-;Estructural ;0.4526176459739731;0.991828155172646;0.5095782201702203;0.9949999814253968;0.05696057419624717
231;231;NC_001137.3:c139763-138918;Saccharomyces cerevisiae S288C chromosome V, complete sequence;846;Sin;Saccharomyces cerevisae;Hongo;DNAlinear;Gen;Codificante;Nucleo;1;Union a DNA ;0.5192734721262939;0.9884603289419692;0.4747579060990728;0.99360449248064;-0.04451556602722112
232;232;NC_001146.8:c576050-575640;Saccharomyces cerevisiae S288C chromosome XIV, complete sequence;411;Sin;Saccharomyces cerevisae;Hongo;DNAlinear;Gen;Codificante;Nucleo;1;Union a DNA ;0.43274946291968863;0.9916524948192053;0.417183186373967;0.9924357074927356;-0.015566276545721625
233;233;NC_001144.5:371620-372927;Saccharomyces cerevisiae S288C chromosome XII, complete sequence;1308;Sin;Saccharomyces cerevisae;Hongo;DNAlinear;Gen;Codificante;Nucleo;1;Señalizacion ;0.35593929625470583;0.9901386758560952;0.6169155927945484;0.9953827178228074;0.2609762965398426
234;234;NC_001138.5:c225958-225020;Saccharomyces cerevisiae S288C chromosome VI, complete sequence;939;Sin;Saccharomyces cerevisae;Hongo;DNAlinear;Gen;Codificante;Nucleo;1;Factor de transcripcion ;0.5891877310035291;0.9899091064316948;0.5234535649908066;0.99502707850374;-0.06573416601272242
235;235;NC_001134.8:c17696-14241;Saccharomyces cerevisiae S288C chromosome II, complete sequence;3456;Sin;Saccharomyces cerevisae;Hongo;DNAlinear;Gen;Codificante;Nucleo;1;Enzima kinasa ;0.4966795848676514;0.9905198917517772;0.4650952069137128;0.9954689651995244;-0.03158437795393859
236;236;NC_001136.10:c903480-899551;Saccharomyces cerevisiae S288C chromosome IV, complete sequence;3930;Sin;Saccharomyces cerevisae;Hongo;DNAlinear;Gen;Codificante;Nucleo;1;Replicacion ;0.6469826054545487;0.989901513324868;0.4473937826087777;0.994725161450028;-0.19958882284577095
237;237;NC_001148.4:c237107-232593;Saccharomyces cerevisiae S288C chromosome XVI, complete sequence;4515;Sin;Saccharomyces cerevisae;Hongo;DNAlinear;Gen;Codificante;Nucleo;1;Reparacion del ADN ;0.4756933907635725;0.9883440567881836;0.4602584647050557;0.9948749215729008;-0.015434926058516762
238;238;NC_001136.10:c210561-205360;Saccharomyces cerevisiae S288C chromosome IV, complete sequence;5202;Sin;Saccharomyces cerevisae;Hongo;DNAlinear;Gen;Codificante;Nucleo;1;Reparacion del ADN ;0.664524370366706;0.9901183773262684;0.5577895941609486;0.9937679210462692;-0.10673477620575733
239;239;NC_001136.10:c378445-376757;Saccharomyces cerevisiae S288C chromosome IV, complete sequence;1689;Sin;Saccharomyces cerevisae;Hongo;DNAlinear;Gen;Codificante;Nucleo;1;Epigenetica ;0.5304898284973875;0.9891463348139958;0.5514989846013874;0.9950727930913852;0.021009156103999893
240;240;NC_001140.6:c170344-168890;Saccharomyces cerevisiae S288C chromosome VIII, complete sequence;1455;Sin;Saccharomyces cerevisae;Hongo;DNAlinear;Gen;Codificante;Nucleo;1;Enzima kinasa ;0.4841479384364757;0.9899691297924504;0.5092491822898767;0.9953057171335514;0.025101243853401012
241;241;NC_001136.10:1412373-1414274;Saccharomyces cerevisiae S288C chromosome IV, complete sequence;1902;Sin;Saccharomyces cerevisae;Hongo;DNAlinear;Gen;Codificante;Nucleo;1;Enzima kinasa ;0.4914439831503643;0.9903703394114431;0.5797536473962274;0.9949920212635612;0.08830966424586306
242;242;NM_001181841.1;Saccharomyces cerevisiae S288C Spa2p (SPA2), partial mRNA;4401;Sin;Saccharomyces cerevisae;Hongo;RNAlinear;Mensajero;Codificante;Citoplasma;-;Señalizacion ;0.5717036503798909;0.9877579815643096;0.5439817589102175;0.9949847459448166;-0.02772189146967341
243;243;NC_001133.9:c141431-139503;Saccharomyces cerevisiae S288C chromosome I, complete sequence;1929;Sin;Saccharomyces cerevisae;Hongo;DNAlinear;Gen;Codificante;Nucleo;1;Enzima kinasa ;0.4837818268947317;0.9865079055070708;0.51710114282518;0.9918445520942878;0.033319315930448345
244;244;NM_001179229.1;Saccharomyces cerevisiae S288C histone acetyltransferase TRA1 (TRA1), partial mRNA;11235;Sin;Saccharomyces cerevisae;Hongo;RNAlinear;Mensajero;Codificante;Citoplasma;-;Plegamiento del ADN ;0.5174955370394326;0.9902317771809844;0.5613778616423423;0.9973901399466504;0.04388232460290964
245;245;NC_001146.8:c220201-219137;Saccharomyces cerevisiae S288C chromosome XIV, complete sequence;1065;Sin;Saccharomyces cerevisae;Hongo;DNAlinear;Gen;Codificante;Nucleo;1;Peroxidasa ;0.5902502688337844;0.9909072641722478;0.5228706513800594;0.9955647228338612;-0.067379617453725
246;246;NC_045512.2:26245-26472;Severe acute respiratory syndrome coronavirus 2 isolate Wuhan-Hu-1, complete genome;228;Sin;Coronavirus ;Virus;RNAlinear;Gen;Codificante;Capsida;-;Envuelta;0.5194878555638477;0.9899331808125482;0.4440525165903904;0.9945426497834138;-0.07543533897345728
247;247;NC_045512.2:26523-27191;Severe acute respiratory syndrome coronavirus 2 isolate Wuhan-Hu-1, complete genome;669;Sin;Coronavirus ;Virus;RNAlinear;Gen;Codificante;Capsida;-;Membrana ;0.4327194434448797;0.9919139895531404;0.516047868746668;0.9949805484751568;0.08332842530178824
248;248;NC_045512.2:28274-29533;Severe acute respiratory syndrome coronavirus 2 isolate Wuhan-Hu-1, complete genome;1260;Sin;Coronavirus ;Virus;RNAlinear;Gen;Codificante;Capsida;-;Nucleocapsida;0.4736356640614257;0.9905057424834172;0.4656211849550504;0.9950191130239242;-0.008014479106375316
249;249;NC_045512.2:29558-29674;Severe acute respiratory syndrome coronavirus 2 isolate Wuhan-Hu-1, complete genome;117;Sin;Coronavirus ;Virus;RNAlinear;ORF;Codificante;Capsida;-;ORF;0.5167091257082662;0.9897529159489168;0.4395935776819097;0.9994195374612188;-0.0771155480263565
250;250;NC_045512.2:266-21555;Severe acute respiratory syndrome coronavirus 2 isolate Wuhan-Hu-1, complete genome;21290;Sin;Coronavirus ;Virus;RNAlinear;ORF;Codificante;Capsida;-;ORF;0.6324918889863516;0.9926046370712271;0.6001031344658131;0.9958870242776456;-0.032388754520538465
251;251;NC_045512.2:25393-26220;Severe acute respiratory syndrome coronavirus 2 isolate Wuhan-Hu-1, complete genome;828;Sin;Coronavirus ;Virus;RNAlinear;ORF;Codificante;Capsida;-;ORF;0.5159387421142627;0.990326787407207;0.5012238456270411;0.9948856875521102;-0.014714896487221574
252;252;NC_045512.2:27202-27387;Severe acute respiratory syndrome coronavirus 2 isolate Wuhan-Hu-1, complete genome;186;Sin;Coronavirus ;Virus;RNAlinear;ORF;Codificante;Capsida;-;ORF;0.41166489107643456;0.9899943400405654;0.4584455984206377;0.9953315503053626;0.04678070734420314
253;253;NC_045512.2:27394-27759;Severe acute respiratory syndrome coronavirus 2 isolate Wuhan-Hu-1, complete genome;366;Sin;Coronavirus ;Virus;RNAlinear;ORF;Codificante;Capsida;-;ORF;0.5467329462196339;0.9897713954406918;0.4015687456328018;0.9951596573000846;-0.14516420058683205
254;254;NC_045512.2:27756-27887;Severe acute respiratory syndrome coronavirus 2 isolate Wuhan-Hu-1, complete genome;132;Sin;Coronavirus ;Virus;RNAlinear;ORF;Codificante;Capsida;-;ORF;0.516703115409466;0.9899137202128664;0.3970620573792006;0.9950954583281753;-0.11964105803026542
255;255;NC_045512.2:27894-28259;Severe acute respiratory syndrome coronavirus 2 isolate Wuhan-Hu-1, complete genome;366;Sin;Coronavirus ;Virus;RNAlinear;ORF;Codificante;Capsida;-;ORF;0.4671388002059157;0.9903718897843508;0.39981743832670336;0.9948516803564672;-0.06732136187921234
256;256;NC_045512.2:21563-25384;Severe acute respiratory syndrome coronavirus 2 isolate Wuhan-Hu-1, complete genome;3822;Sin;Coronavirus ;Virus;RNAlinear;Gen;Codificante;Capsida;-;Proteina de superficie ;0.4612269763142773;0.990797693785999;0.5258849297179116;0.9958931824639328;0.06465795340363428
257;257;MG641187.1;Alces alces faeces associated microvirus MP21 4718, complete genome;4662;Sin;Alces alces faeces microvirus;Virus;DNAcircular;genomicDNA;Codificante;Capsida;-;-;0.4944712393551604;0.9906048863608344;0.5873980719345625;0.9963137247964041;0.0929268325794021
258;258;M60487.1;Amblyomma americanum 18S rRNA sequence;1441;Sin;Amblyomma americanum;Animal;RNAlinear;Ribosomal;Estructural;Nucleo;-;-;0.5099033000708129;0.9911020337626604;0.4528741295835485;0.9949578874873212;-0.05702917048726436
259;259;AB087478.1;Anthoceros formosae chloroplast 23S rRNA, complete sequence;2819;Sin;Anthoceros formosae;Vegetal;RNAlinear;Ribosomal;Estructural;Cloroplasto;-;-;0.4323593010437533;0.9956953929283272;0.4547558949093803;0.9950199080447304;0.02239659386562698
260;260;XR_004775241.1;Aspergillus tubingensis 5.8S ribosomal RNA (AtWU_r58), rRNA;10158;Sin;Aspergillus tubingensis;Hongo;RNAlinear;Ribosomal;Estructural;Citoplasma;-;-;0.5633866687164467;0.989639461443644;0.6619870783547986;0.9948575877998048;0.09860040963835193
261;261;AB050631.1;Bacillus cereus 23S ribosomal RNA, partial sequence;2897;Sin;Bacillus cereus;Bacteria;RNAlinear;Ribosomal;Estructural;Citoplasma;-;-;0.4005637937207468;0.9907021480558044;0.4716314978247789;0.9949417865254524;0.07106770410403213
262;262;XR_004198586.1;Blastomyces gilchristii SLH14081 28S ribosomal RNA (BDBG_17007), rRNA;4077;Sin;Blastomyces gilchristii;Hongo;RNAlinear;Ribosomal;Estructural;Nucleo;-;-;0.6306975043643717;0.9906090332015236;0.6420636678934466;0.9948983520328992;0.011366163529074935
263;263;CP014521.1;Borrelia anserina strain Es plasmid cp5, complete sequence;4978;Sin;Borrelia anserina;Bacteria;DNAcircular;genomicDNA;Codificante;Plasmido;-;-;0.7713915593965581;0.990061517541208;0.5060429887259353;0.9944369606218142;-0.2653485706706228
264;264;AH003459.2;Borrelia hermsii strain M1001 16S ribosomal RNA (16S rRNA), complete sequence;1626;Sin;Borrelia hermsii;Bacteria;RNAlinear;Ribosomal;Estructural;Citoplasma;-;-;0.42435153686554783;0.9901931727566388;0.5679011109991887;0.9950244505515236;0.1435495741336409
265;265;M83256.1;Byssochlamys nivea 18S ribosomal RNA;1730;Sin;Byssochlamys nivea;Hongo;RNAlinear;Ribosomal;Estructural;Nucleo;-;-;0.4736597855090791;0.9922188298886668;0.5571344706092979;0.994891196441212;0.08347468510021877
266;266;NR_076884.1;Collimonas fungivorans strain Ter331 23S ribosomal RNA gene, complete sequence;2895;Sin;Collimonas fungivorans;Bacteria;RNAlinear;Ribosomal;Estructural;Nucleo;-;-;0.5204992585919396;0.9899646989110918;0.3971985781651215;0.9972351350494564;-0.12330068042681808
267;267;AB491649.1;Dolichomastix tenuilepis gene for 26S rRNA, partial sequence, strain: CCMP2494;2936;Sin;Dolichomastix tenuilepis;Vegetal;RNAlinear;genomicDNA;Estructural;Nucleo;-;-;0.4592402905439741;0.9900229870258704;0.6224711883419404;0.9952615863989482;0.1632308977979663
268;268;XR_893067.1;Fusarium graminearum PH-1 28S ribosomal RNA rRNA;3255;Sin;Fusarium graminearum;Hongo;RNAlinear;Ribosomal;Estructural;Nucleo;-;-;0.4738381318923284;0.9902886997551096;0.5696035586397745;0.9950294358756608;0.09576542674744615
269;269;XR_003150093.1;Fusarium venenatum ribosomal RNA (FVRRES_SSU_rRNA_eukarya_728), rRNA;1796;Sin;Fusarium venetatum;Hongo;RNAlinear;Ribosomal;Estructural;Nucleo;-;-;0.4788845675837768;0.9889544210298428;0.5903055612532586;0.994052700757802;0.11142099366948183
270;270;L10659.1;Geotoga subterranea 16S ribosomal RNA;1612;Sin;Geotoga subterranea;Bacteria;RNAlinear;Ribosomal;Estructural;Citoplasma;-;-;0.4880549377657837;0.9900630073885722;0.5171204789178508;0.9949905805841059;0.029065541152067165
271;271;L14634.1;Helicobacter canis 16S ribosomal RNA;1610;Sin;Helicobacter canis;Bacteria;RNAlinear;Ribosomal;Estructural;Citoplasma;-;-;0.40515347748047975;0.9900265465044372;0.5514114039618168;0.9953387918372268;0.146257926481337
272;272;LC597649.1;Heteroteuthis hawaiiensis Australian Museum:C500820.001 gene for 18S rRNA, partial sequence;7092;Sin;Heteroteuthis hawaiiensis;Animal;RNAlinear;Ribosomal;Estructural;Nucleo;-;-;0.5521186199239599;0.9899532498388534;0.5518455203943935;0.9950308744670024;-0.0002730995295664451
273;273;X03961.1;Kluyveromyces drosophilarum circular plasmid pKD1 (B form);4757;Sin;Kluyveromyces lactis;Hongo;DNAcircular;genomicDNA;Codificante;Plasmido;-;-;0.5242185194675073;0.9876192844219542;0.5633060816544921;0.9949984441847192;0.03908756218698484
274;274;KP153395.1;Lake Sarah-associated circular virus-3 isolate LSaCV-3-LSWO-2013, complete sequence;4441;Sin;LSaCV-3;Virus;DNAcircular;genomicDNA;Codificante;Capsida;-;-;0.5216703487217711;0.9920277710117864;0.6637904535182336;0.9949560886372474;0.14212010479646253
275;275;MH617652.2;Microviridae sp. isolate ctdc617, complete genome;4977;Sin;Microviridae;Virus;DNAcircular;genomicDNA;Codificante;Capsida;-;-;0.5898652893993265;0.9904311628105964;0.611913149083536;0.9950157762867272;0.022047859684209525
276;276;MH617527.2;Microviridae sp. isolate ctcg631, complete genome;4888;Sin;Microviridae;Virus;DNAcircular;genomicDNA;Codificante;Capsida;-;-;0.5947227617357824;0.9913202419130182;0.5707964428807798;0.9952610323978662;-0.023926318855002626
277;277;AY553873.1;"Neurospora intermedia isolate M1991-107 plasmid pVS, complete sequence; mitochondrial";3774;Sin;Neurospora intermeda;Hongo;DNAcircular;Plasmido;Codificante;Mitocondria;-;-;0.4955982717417658;0.9906280554562716;0.6385560327948061;0.995002308914028;0.1429577610530403
278;278;D00293.1;Oryza sativa mitochondrial plasmid-like gene (B1) for 2 ORFs, complete cds;2135;Sin;Oryza sativa;Vegetal;DNAcircular;Plasmido;Codificante;Mitocondria;-;-;0.5080141947852244;0.9928322812294268;0.6448979217014412;0.9950031351117106;0.13688372691621686
279;279;XR_001551846.1;Paracoccidioides lutzii Pb01 28S ribosomal RNA (PAAG_11635), rRNA;4128;Sin;Paracoccidioides lutzii;Hongo;RNAlinear;Ribosomal;Estructural;Nucleo;-;-;0.6537826010486717;0.9899634388130588;0.6481402687763969;0.9951150308442164;-0.0056423322722748415
280;280;AB491632.1;Picocystis salinarum gene for 26S rRNA, partial sequence, strain: CCMP1897;2884;Sin;Picocystis salinarum;Vegetal;RNAlinear;Ribosomal;Estructural;Nucleo;-;-;0.4420725414491122;0.989462241943804;0.6463292230407521;0.9949574693288056;0.20425668159163995
281;281;X61660.1;Plasmodium falciparum gene for a large subunit ribosomal RNA from the inverted repeat within the 35-Kb circular DNA;2700;Sin;Plasmodium falciparum;Protista;DNAlinear;Plasmido;Estructural;Plasmido;-;-;0.5210400962911014;0.9907148770243308;0.6597450499943902;0.9931956836180544;0.13870495370328884
282;282;M57737.1;Treponema bryantii 16S rRNA;1571;Sin;Treponema bryantii;Bacteria;RNAlinear;Ribosomal;Estructural;Citoplasma;-;-;0.4121615844560509;0.9935249806780556;0.4302487564622312;0.994837642381974;0.01808717200618032
283;283;LBIR01000057.1;Trypanosoma brucei brucei strain AnTat1.1 90-13 mO_057 kinetoplast, whole genome shotgun sequence;1023;Sin;Trypanosoma brucei brucei;Protista;DNAcircular;genomicDNA;Codificante;Mitocondria;-;-;0.5603143816184628;0.9885723304368028;0.6162903535480421;0.9947683561612776;0.05597597192957926
284;284;M95110.1;Blarina brevicauda mitochondrial 12S ribosomal RNA;963;Sin;Blarina brevicauda;Animal;RNAlinear;Ribosomal;Estructural;Mitocondria;-;-;0.5204331160420911;0.9903434243998608;0.5405840103763793;0.9950508715116706;0.020150894334288183
285;285;U33520.1;Brienomyrus brachyistius 16S ribosomal RNA gene, mitochondrial gene encoding mitochondrial rRNA, partial sequence;551;Sin;Brienomyrus brachyistius;Animal;RNAlinear;Ribosomal;Estructural;Mitocondria;-;-;0.4574968206338234;0.9906054176876004;0.4114316881262392;0.9939042005769152;-0.046065132507584206
286;286;AF355762.1;"Ceriops tagal 23S ribosomal RNA gene, complete sequence; chloroplast gene for chloroplast product";2873;Sin;Ceriops tagal;Vegetal;DNAlinear;Ribosomal;Estructural;Cloroplasto;-;-;0.43054736540759697;0.9942802587105956;0.5912793924383897;0.994992952500924;0.1607320270307927
287;287;L29402.1;Chlamydomonas eugametos chloroplast subunit of Clp protease (clpP) gene, complete cds;3133;Sin;Chlamydomonas eugametos;Vegetal;DNAlinear;genomicDNA;Codificante;Cloroplasto;-;-;0.5384094949957771;0.9885676568055056;0.5432056688887005;0.9961369594324734;0.0047961738929234166
288;288;JN873234.1;"Saccharina japonica isolate TYPA-4 cytochrome c oxidase subunit 1 (COI) gene, complete cds; mitochondrial";1788;Sin;Saccharina japonica;Vegetal;DNAlinear;genomicDNA;Codificante;Mitocondria;-;-;0.4529706776483529;0.9897142056934954;0.4693445481215979;0.9948263963083024;0.01637387047324501
289;289;FJ939570.1;"Gonyaulax cochlea strain CCMP1592 cytochrome oxidase subunit 1 (cox1) gene, partial cds; mitochondrial";1115;Sin;Gonyaulax cochlea;Protista;DNAlinear;genomicDNA;Codificante;Mitocondria;-;-;0.503116404569092;0.9906704117191848;0.4019735595824788;0.9949918973395953;-0.10114284498661319
290;290;FM992559.1;Cylindrocystis cushleckae chloroplast partial 23S rRNA gene, strain M 2158;2823;Sin;Cylindrocystis cushleckae;Vegetal;DNAlinear;Ribosomal;Estructural;Cloroplasto;-;-;0.40566434266643797;0.9900988722896934;0.5597631984790614;0.9949804209381042;0.15409885581262345
291;291;LC371353.1;Ecklonia radicosa mitochondrial DNA, nad3-rns intergenic spacer, partial sequence, haplotype: EC14;1944;Sin;Ecklonia radicosa;Protista;DNAlinear;genomicDNA;Codificante;Mitocondria;-;-;0.4714203410880004;0.9901151939381004;0.5469785601302612;0.9951363469072736;0.07555821904226084
292;292;L06668.1;Fasciolopsis buski 18S ribosomal RNA sequence;1978;Sin;Fasciolopsis buski;Protista;RNAlinear;Ribosomal;Estructural;Nucleo;-;-;0.5130256726785478;0.989459513283869;0.4806369309460865;0.9950506239590812;-0.03238874173246131
293;293;AJ558086.1;Mossia intervallaris chloroplast partial tRNA-Leu gene and tRNA-Leu-Phe intergenic spacer, specimen voucher Bruyns 5038 (BOL);896;Con;Mossia intervallaris;Vegetal;DNAlinear;genomicDNA;Codificante;Cloroplasto;2;-;0.5835094325628629;0.9898204718629786;0.4851525014030361;0.9950457114204252;-0.0983569311598268
294;294;LC597604.1;Neorossia caroli ICM:C000330 gene for 18S rRNA, partial sequence;2504;Sin;Neorossia caroli;Animal;RNAlinear;Ribosomal;Estructural;Nucleo;-;-;0.6325115998148129;0.9892637983003416;0.5192929302963131;0.9950414275641352;-0.11321866951849979
295;295;MN580204.1;"Netrium digitus large subunit ribosomal RNA gene, partial sequence; chloroplast";2880;Sin;Netrium digitus;Vegetal;DNAlinear;Ribosomal;Codificante;Cloroplasto;-;-;0.4309825682133713;0.9896604941401056;0.5929992334353971;0.9949987559395058;0.1620166652220258
296;296;AB619670.1;Oxyrrhis marina mitochondrial DNA, contains cox3, isolate: cobcox3invPCR2;1913;Sin;Oxyrrhis marina;Animal;DNAlinear;genomicDNA;Codificante;Mitocondria;-;-;0.6121581985753125;0.9912297588691026;0.5831018112469388;0.9936456051122045;-0.02905638732837368
297;297;M34362.1;P.aztecus 18S rRNA;1902;Sin;Penaeus azteca;Animal;RNAlinear;Ribosomal;Estructural;Nucleo;-;-;0.40899812803055696;0.9906064758882424;0.5171390590497477;0.9950781016047292;0.1081409310191907
298;298;AJ621185.1;Perisesarma guttatum mitochondrial partial 16S rRNA gene, isolate MO-1;560;Sin;Perisesarma guttatum;Animal;RNAlinear;Ribosomal;Estructural;Mitocondria;-;-;0.4351899371094062;0.9896746359936044;0.5824108998679046;0.9951949128361174;0.14722096275849844
299;299;X52177.1;Plasmodium falciparum circular DNA rpoB and rpoC genes for beta and beta-prime subunits of RNA polymerase (EC 2.7.7.6);3483;Con;Plasmodium falciparum;Protista;DNAlinear;genomicDNA;Codificante;Nucleo;2;-;0.4632936992108849;0.988261206151109;0.6262177584856957;0.9950043439432772;0.1629240592748108
300;300;M90639.1;Chlamydomonas eugametos chlorophyll a-binding protein (psbC) gene, complete cds;3230;Sin;Chlamydomonas eugametos;Vegetal;DNAlinear;genomicDNA;Codificante;Cloroplasto;-;-;0.451081810598073;0.9907916445056386;0.5637081057730601;0.9949042183918554;0.11262629517498707
301;301;KY241829.1;"Oberonia anthropophora voucher LYL014 ribulose-1, 5-bisphosphate carboxylase/oxygenase large subunit (rbcL) gene, partial cds; chloroplast";1187;Sin;Oberonia anthropophora;Vegetal;DNAlinear;genomicDNA;Codificante;Cloroplasto;-;-;0.4842335680578359;0.989276746722948;0.5661171843946341;0.994991386233908;0.08188361633679819
302;302;S50055.1;large ribosomal RNA [goldfish, rRNA Mitochondrial, 1626 nt];1626;Sin;Carassius auratus;Animal;RNAlinear;Ribosomal;Estructural;Mitocondria;-;-;0.4534096308516202;0.9905521743676552;0.5102344866166704;0.9953364026418452;0.05682485576505014
303;303;EU755288.1;"Volvox carteri ribosomal protein L5 (rpl5) gene, complete cds; chloroplast";4871;Sin;Volvox carteri;Vegetal;DNAlinear;genomicDNA;Codificante;Cloroplasto;-;-;0.5176608869237747;0.9902738485954272;0.8086837826505457;0.9950264896725884;0.2910228957267711
304;304;EU922579.1;"Pelargonium cotyledonis RNA polymerase beta subunit (rpoB) gene, complete cds; chloroplast";3225;Sin;Pelargonium cotyledonis;Vegetal;DNAlinear;genomicDNA;Codificante;Cloroplasto;-;-;0.482466366417084;0.9904134816401344;0.5874962269133625;0.9950065073716808;0.10502986049627844
305;305;LC597623.1;Sepiola intermedia ICM:C000363 gene for 18S rRNA, partial sequence;2381;Sin;Sepiola intermedia;Animal;RNAlinear;Ribosomal;Estructural;Nucleo;-;-;0.5985839723319437;0.9902664243900744;0.5701667226624366;0.9952564559400828;-0.028417249669507094
306;306;AF278751.1;"Stichococcus bacillaris 16S small subunit ribosomal RNA gene, partial sequence; chloroplast gene for chloroplast product";839;Sin;Stichococcus bacillaris;Vegetal;DNAlinear;Ribosomal;Estructural;Cloroplasto;-;-;0.4682088609181836;0.9872888304320192;0.5558645399662024;0.9950787081477784;0.08765567904801885
307;307;Z23263.1;Theileria parva mitochondrion DNA;5895;Sin;Theileria parva;Protista;DNAlinear;genomicDNA;Codificante;Mitocondria;-;-;0.5741702337355231;0.9944582493453824;0.5516243449217679;0.9954590678199996;-0.02254588881375519
308;308;J01446.1;Tobacco chloroplast 23S and 4.5S rRNA genes;3166;Sin;Nicotiana tabacum;Vegetal;DNAlinear;Ribosomal;Estructural;Cloroplasto;-;-;0.5231752045702327;0.9899767636147572;0.4369950310990548;0.9954891455058408;-0.0861801734711779
309;309;AY881539.1;"Restio bifidus trnK gene, partial sequence; and maturase K (matK) gene, complete cds; chloroplast";2379;Sin;Restio bifidus;Vegetal;DNAlinear;genomicDNA;Codificante;Cloroplasto;-;-;0.5538543149225882;0.9899183325131796;0.4721067465395239;0.9944023970324404;-0.0817475683830643
310;310;AY841685.1;"Cyathostemma viridiflora tRNA-Leu (trnL) gene and trnL-trnF intergenic spacer, partial sequence; chloroplast";896;Sin;Cyathostemma viridiflora;Vegetal;DNAlinear;genomicDNA;Codificante;Cloroplasto;-;-;0.6094147506136695;0.9921612170003876;0.4481475669957249;0.9952586432454396;-0.16126718361794457
311;311;X02618.1;Trypanosoma brucei mitochondrial DNA between rRNA and CYb genes;1499;Sin;Trypanosoma brucei ;Protista;DNAlinear;genomicDNA;Codificante;Mitocondria;-;-;0.7656353981813788;0.9924722971851986;0.7489159361583262;0.9943638400847399;-0.016719462023052634
312;312;AB531483.1;Alexandrium catenella chloroplast psbD gene for photosystem II protein D2, partial cds;1011;Sin;Alexandrium catenella;Protista;DNAlinear;genomicDNA;Codificante;Cloroplasto;-;-;0.4430182295382032;0.9903079173112216;0.4161372953729495;0.9946334831475072;-0.026880934165253667
313;313;KR186107.1;"Sarcocystis fusiformis isolate Bb6.1 cytochrome c oxidase subunit I (COI) gene, partial cds; mitochondrial";1038;Sin;Sarcocystis fusiformis;Protista;DNAlinear;genomicDNA;Codificante;Mitocondria;-;-;0.4390606364062313;0.9899981512783818;0.3764353576360226;0.989776635213377;-0.06262527877020868
314;314;AJ307013.1;Amphidinium carterae chloroplast minicircle 17 DNA, complete sequence;1995;Sin;Amphidinium carterae;Protista;DNAcircular;genomicDNA;Codificante;Cloroplasto;-;-;0.5885122101898225;0.9928051302690559;0.521115017385071;0.9949754259616;-0.06739719280475143
315;315;EU579933.1;"Padina gymnospora isolate LBC72 ribulose-1,5-bisphosphate carboxylase/oxygenase large subunit (rbcL) gene, partial cds; chloroplast";1353;Sin;Padina gymnospora;Protista;DNAlinear;genomicDNA;Codificante;Cloroplasto;-;-;0.3228731288204395;0.9827225992158598;0.5534857305668845;0.9949951104647726;0.23061260174644505
316;316;KM603331.1;"Trichomonas vaginalis voucher LY-1 18S ribosomal RNA gene, partial sequence; mitochondrial";1493;Sin;Trichomonas vaginalis;Protista;DNAcircular;Ribosomal;Estructural;Mitocondria;-;-;0.44411760369786746;0.9882730031875032;0.4783477951311567;0.9963717881305724;0.03423019143328926
317;317;EU681390.1;"Ascophyllum nodosum cytochrome c oxidase subunit 1 (cox1) gene, partial cds; mitochondrial.";1255;Sin;Ascophyllum nodosum;Protista;DNAlinear;genomicDNA;Codificante;Mitocondria;-;-;0.4615479352325548;0.9895057202376668;0.5324729153069878;0.995020824428904;0.07092498007443304
